Id,LotArea,OverallCond,YearBuilt,YearRemodAdd,TotalBsmtSF,GrLivArea,TotRmsAbvGrd,GarageArea,MiscVal,YrSold,SalePrice,Is_above_med
1,8450,5,2003,2003,856,1710,8,548,0,2008,208500,0
2,9600,8,1976,1976,1262,1262,6,460,0,2007,181500,0
3,11250,5,2001,2002,920,1786,6,608,0,2008,223500,0
4,9550,5,1915,1970,756,1717,7,642,0,2006,140000,0
5,14260,5,2000,2000,1145,2198,9,836,0,2008,250000,1
6,14115,5,1993,1995,796,1362,5,480,700,2009,143000,0
7,10084,5,2004,2005,1686,1694,7,636,0,2007,307000,1
8,10382,6,1973,1973,1107,2090,7,484,350,2009,200000,0
9,6120,5,1931,1950,952,1774,8,468,0,2008,129900,0
10,7420,6,1939,1950,991,1077,5,205,0,2008,118000,0
11,11200,5,1965,1965,1040,1040,5,384,0,2008,129500,0
12,11924,5,2005,2006,1175,2324,11,736,0,2006,345000,1
13,12968,6,1962,1962,912,912,4,352,0,2008,144000,0
14,10652,5,2006,2007,1494,1494,7,840,0,2007,279500,1
15,10920,5,1960,1960,1253,1253,5,352,0,2008,157000,0
16,6120,8,1929,2001,832,854,5,576,0,2007,132000,0
17,11241,7,1970,1970,1004,1004,5,480,700,2010,149000,0
18,10791,5,1967,1967,0,1296,6,516,500,2006,90000,0
19,13695,5,2004,2004,1114,1114,6,576,0,2008,159000,0
20,7560,6,1958,1965,1029,1339,6,294,0,2009,139000,0
21,14215,5,2005,2006,1158,2376,9,853,0,2006,325300,1
22,7449,7,1930,1950,637,1108,6,280,0,2007,139400,0
23,9742,5,2002,2002,1777,1795,7,534,0,2008,230000,0
24,4224,7,1976,1976,1040,1060,6,572,0,2007,129900,0
25,8246,8,1968,2001,1060,1060,6,270,0,2010,154000,0
26,14230,5,2007,2007,1566,1600,7,890,0,2009,256300,1
27,7200,7,1951,2000,900,900,5,576,0,2010,134800,0
28,11478,5,2007,2008,1704,1704,7,772,0,2010,306000,1
29,16321,6,1957,1997,1484,1600,6,319,0,2006,207500,0
30,6324,6,1927,1950,520,520,4,240,0,2008,68500,0
31,8500,4,1920,1950,649,1317,6,250,0,2008,40000,0
32,8544,6,1966,2006,1228,1228,6,271,0,2008,149350,0
33,11049,5,2007,2007,1234,1234,7,484,0,2008,179900,0
34,10552,5,1959,1959,1398,1700,6,447,0,2010,165500,0
35,7313,5,2005,2005,1561,1561,6,556,0,2007,277500,1
36,13418,5,2004,2005,1117,2452,9,691,0,2006,309000,1
37,10859,5,1994,1995,1097,1097,6,672,0,2009,145000,0
38,8532,6,1954,1990,1297,1297,5,498,0,2009,153000,0
39,7922,7,1953,2007,1057,1057,5,246,0,2010,109000,0
40,6040,5,1955,1955,0,1152,6,0,0,2008,82000,0
41,8658,5,1965,1965,1088,1324,6,440,0,2006,160000,0
42,16905,6,1959,1959,1350,1328,5,308,0,2007,170000,0
43,9180,7,1983,1983,840,884,5,504,0,2007,144000,0
44,9200,6,1975,1980,938,938,5,308,0,2008,130250,0
45,7945,6,1959,1959,1150,1150,6,300,0,2006,141000,0
46,7658,5,2005,2005,1752,1752,6,576,0,2010,319900,1
47,12822,5,2003,2003,1434,2149,6,670,0,2009,239686,0
48,11096,5,2006,2006,1656,1656,7,826,0,2007,249700,1
49,4456,5,1920,2008,736,1452,8,0,0,2009,113000,0
50,7742,7,1966,1966,955,955,6,386,0,2007,127000,0
51,13869,6,1997,1997,794,1470,6,388,0,2007,177000,0
52,6240,6,1934,1950,816,1176,6,528,400,2006,114500,0
53,8472,5,1963,1963,816,816,5,516,0,2010,110000,0
54,50271,5,1981,1987,1842,1842,5,894,0,2006,385000,1
55,7134,5,1955,1955,384,1360,6,572,0,2007,130000,0
56,10175,5,1964,1964,1425,1425,7,576,0,2008,180500,0
57,2645,5,1999,2000,970,1739,7,480,0,2009,172500,0
58,11645,5,2004,2004,860,1720,7,565,0,2006,196500,0
59,13682,5,2006,2006,1410,2945,10,641,0,2006,438780,1
60,7200,7,1972,1972,780,780,4,352,0,2008,124900,0
61,13072,5,2004,2004,1158,1158,5,576,0,2006,158000,0
62,7200,7,1920,1996,530,1111,6,288,0,2007,101000,0
63,6442,5,2006,2006,1370,1370,6,484,0,2007,202500,0
64,10300,6,1921,1950,576,1710,9,480,0,2010,140000,0
65,9375,5,1997,1998,1057,2034,8,645,0,2009,219500,0
66,9591,5,2004,2005,1143,2473,9,852,0,2007,317000,1
67,19900,5,1970,1989,1947,2207,7,576,0,2010,180000,0
68,10665,5,2003,2003,1453,1479,7,558,0,2007,226000,0
69,4608,6,1945,1950,747,747,4,220,0,2010,80000,0
70,15593,4,1953,1953,1304,2287,7,667,0,2006,225000,0
71,13651,6,1973,1973,2223,2223,8,516,0,2007,244000,0
72,7599,6,1982,2006,845,845,4,360,0,2007,129500,0
73,10141,5,1998,1998,832,1718,7,427,0,2009,185000,0
74,10200,7,1954,2003,1086,1086,6,490,0,2010,144900,0
75,5790,6,1915,1950,840,1605,8,379,0,2010,107400,0
76,1596,5,1973,1973,462,988,5,297,0,2009,91000,0
77,8475,7,1956,1956,952,952,4,283,0,2008,135750,0
78,8635,5,1948,2001,672,1285,6,240,0,2008,127000,0
79,10778,5,1968,1968,1768,1768,8,0,0,2010,136500,0
80,10440,6,1910,1981,440,1230,5,440,0,2009,110000,0
81,13000,6,1968,1968,896,2142,8,509,0,2009,193500,0
82,4500,5,1998,1998,1237,1337,5,405,0,2006,153500,0
83,10206,5,2007,2007,1563,1563,6,758,0,2008,245000,0
84,8892,5,1960,1960,1065,1065,6,461,0,2007,126500,0
85,8530,5,1995,1996,384,1474,7,400,700,2009,168500,0
86,16059,5,1991,1992,1288,2417,9,462,0,2006,260000,1
87,11911,5,2005,2005,684,1560,6,400,0,2009,174000,0
88,3951,5,2009,2009,612,1224,4,528,0,2009,164500,0
89,8470,2,1915,1982,1013,1526,6,0,0,2009,85000,0
90,8070,5,1994,1995,990,990,5,0,0,2007,123600,0
91,7200,5,1950,1950,0,1040,4,420,0,2006,109900,0
92,8500,3,1961,1961,1235,1235,6,480,0,2006,98600,0
93,13360,7,1921,2006,876,964,5,432,0,2009,163500,0
94,7200,6,1910,1998,1214,2291,9,506,0,2007,133900,0
95,9337,5,1997,1997,824,1786,7,684,0,2007,204750,0
96,9765,8,1993,1993,680,1470,6,420,480,2009,185000,0
97,10264,5,1999,1999,1588,1588,6,472,0,2006,214000,0
98,10921,5,1965,1965,960,960,6,432,0,2007,94750,0
99,10625,5,1920,1950,458,835,5,366,400,2010,83000,0
100,9320,5,1959,1959,950,1225,6,0,400,2010,128950,0
101,10603,7,1977,2001,1610,1610,6,480,0,2010,205000,0
102,9206,5,1985,1985,741,1732,7,476,0,2010,178000,0
103,7018,5,1979,1979,0,1535,8,410,0,2009,118964,0
104,10402,5,2009,2009,1226,1226,6,740,0,2010,198900,0
105,7758,4,1931,1950,1040,1818,7,240,0,2007,169500,0
106,9375,5,2003,2004,1053,1992,9,648,0,2008,250000,1
107,10800,7,1885,1995,641,1047,6,273,450,2007,100000,0
108,6000,5,1948,1950,789,789,5,250,0,2008,115000,0
109,8500,7,1919,2005,793,1517,7,0,0,2007,115000,0
110,11751,6,1977,1977,1844,1844,7,546,0,2010,190000,0
111,9525,4,1954,1972,994,1855,7,325,0,2006,136900,0
112,7750,5,2000,2000,384,1430,7,400,0,2010,180000,0
113,9965,5,2007,2007,1264,2696,10,792,0,2007,383970,1
114,21000,5,1953,1953,1809,2259,7,450,0,2007,217000,0
115,7259,8,1945,2002,1028,2320,9,180,0,2007,259500,1
116,3230,5,1999,1999,729,1458,5,440,0,2007,176000,0
117,11616,5,1962,1962,1092,1092,6,288,0,2009,139000,0
118,8536,5,2006,2007,1125,1125,5,430,0,2007,155000,0
119,12376,5,1990,1990,1673,3222,11,594,0,2010,320000,1
120,8461,5,2005,2006,728,1456,8,390,0,2006,163990,0
121,21453,5,1969,1969,938,988,4,540,0,2006,180000,0
122,6060,5,1939,1950,732,1123,4,264,0,2007,100000,0
123,9464,7,1958,1958,1080,1080,5,288,0,2008,136000,0
124,7892,5,1993,1993,1199,1199,5,530,0,2008,153900,0
125,17043,5,1979,1998,1362,1586,7,435,0,2009,181000,0
126,6780,8,1935,1982,520,754,5,0,0,2006,84500,0
127,4928,5,1976,1976,1078,958,5,440,0,2007,128000,0
128,4388,7,1930,1950,672,840,5,0,0,2007,87000,0
129,7590,5,1966,1966,660,1348,6,453,0,2006,155000,0
130,8973,7,1958,1991,1008,1053,6,750,0,2006,150000,0
131,14200,6,1966,1966,924,2157,8,487,0,2006,226000,0
132,12224,5,2000,2000,992,2054,7,390,0,2009,244000,0
133,7388,6,1959,2002,1063,1327,7,624,0,2007,150750,0
134,6853,5,2001,2002,1267,1296,6,471,0,2009,220000,0
135,10335,6,1968,1993,1461,1721,7,440,0,2006,180000,0
136,10400,6,1970,1970,1304,1682,7,530,0,2008,174000,0
137,10355,5,1967,1967,1214,1214,5,318,0,2007,143000,0
138,11070,5,1988,1989,1907,1959,9,766,0,2006,171000,0
139,9066,5,1999,2000,1004,1852,7,660,0,2008,230000,0
140,15426,5,1997,1997,928,1764,7,470,0,2009,231500,0
141,10500,5,1971,1971,864,864,5,0,0,2010,115000,0
142,11645,5,2005,2005,1734,1734,7,660,0,2006,260000,1
143,8520,4,1952,1952,910,1385,6,720,0,2010,166000,0
144,10335,5,1999,1999,1490,1501,6,577,0,2009,204000,0
145,9100,5,1963,1963,1728,1728,10,504,0,2006,125000,0
146,2522,5,2004,2006,970,1709,7,380,0,2006,130000,0
147,6120,7,1931,1993,715,875,5,180,0,2009,105000,0
148,9505,5,2001,2001,884,2035,8,434,0,2010,222500,0
149,7500,5,2004,2005,1080,1080,6,0,0,2008,141000,0
150,6240,4,1936,1950,896,1344,7,240,0,2006,115000,0
151,10356,6,1975,1975,969,969,5,440,0,2007,122000,0
152,13891,5,2007,2008,1710,1710,6,866,0,2008,372402,1
153,14803,5,1971,1971,825,1993,8,495,0,2006,190000,0
154,13500,7,1960,1975,1602,1252,4,564,0,2008,235000,0
155,11340,5,1923,1950,1200,1200,7,312,0,2006,125000,0
156,9600,5,1924,1950,572,1096,5,0,0,2008,79000,0
157,7200,7,1950,1950,0,1040,5,625,0,2006,109500,0
158,12003,5,2009,2010,774,1968,8,680,0,2010,269500,1
159,12552,5,2004,2005,991,1947,8,678,0,2010,254900,1
160,19378,5,2005,2006,1392,2462,9,576,0,2006,320000,1
161,11120,6,1984,1984,1232,1232,6,516,0,2008,162500,0
162,13688,5,2003,2004,1572,2668,10,726,0,2008,412500,1
163,12182,5,2005,2005,1541,1541,7,532,0,2010,220000,0
164,5500,6,1956,1956,882,882,4,0,0,2007,103200,0
165,5400,7,1926,2004,1149,1616,5,216,0,2007,152000,0
166,10106,7,1940,1999,644,1355,6,0,0,2008,127500,0
167,10708,5,1955,1993,1617,1867,7,303,0,2009,190000,0
168,10562,5,2007,2007,1582,2161,8,789,0,2007,325624,1
169,8244,5,2004,2004,840,1720,7,440,0,2007,183500,0
170,16669,6,1981,1981,1686,1707,6,511,0,2006,228000,0
171,12358,6,1941,1950,720,1382,7,660,0,2007,128500,0
172,31770,5,1960,1960,1080,1656,7,528,0,2010,215000,0
173,5306,7,1987,1987,1064,1767,5,504,0,2006,239000,0
174,10197,5,1961,1961,1362,1362,6,504,0,2008,163000,0
175,12416,5,1986,1986,1606,1651,7,616,0,2008,184000,0
176,12615,7,1950,2001,1202,2158,7,576,0,2007,243000,0
177,10029,5,1988,1989,1151,2060,8,521,0,2007,211000,0
178,13650,5,1958,1958,1052,1920,8,451,0,2006,172500,0
179,17423,5,2008,2009,2216,2234,9,1166,0,2009,501837,1
180,8520,6,1923,2006,968,968,5,480,0,2007,100000,0
181,2117,5,2000,2000,756,1525,5,440,0,2007,177000,0
182,7588,6,1920,1950,793,1802,9,216,0,2006,200100,0
183,9060,6,1957,2006,0,1340,7,252,0,2007,120000,0
184,11426,5,2003,2003,1362,2082,6,484,0,2008,200000,0
185,7438,8,1908,1991,504,1252,5,576,0,2006,127000,0
186,22950,9,1892,1993,1107,3608,12,840,0,2006,475000,1
187,9947,5,1990,1991,1188,1217,6,497,0,2009,173000,0
188,10410,7,1916,1987,660,1656,8,180,0,2009,135000,0
189,7018,5,1979,1979,1086,1224,6,528,0,2009,153337,0
190,4923,5,2001,2002,1593,1593,5,682,0,2008,286000,1
191,10570,8,1932,1994,853,2727,10,440,0,2007,315000,1
192,7472,9,1972,2004,725,1479,7,484,0,2007,184000,0
193,9017,5,1999,1999,1431,1431,6,666,0,2009,192000,0
194,2522,5,2004,2004,970,1709,7,380,0,2006,130000,0
195,7180,7,1972,1972,864,864,5,352,0,2008,127000,0
196,2280,6,1976,1976,855,1456,7,440,0,2009,148500,0
197,9416,5,2007,2007,1726,1726,8,786,0,2007,311872,1
198,25419,4,1918,1990,1360,3112,8,795,0,2006,235000,0
199,5520,6,1912,1950,755,2229,8,0,0,2009,104000,0
200,9591,5,2004,2005,1713,1713,7,856,0,2009,274900,1
201,8546,5,2003,2004,1121,1121,5,440,0,2010,140000,0
202,10125,6,1977,1977,1196,1279,6,473,0,2008,171500,0
203,7000,6,1924,1950,617,1310,6,398,0,2006,112000,0
204,4438,5,2004,2004,848,848,3,420,0,2008,149000,0
205,3500,7,1947,1950,720,1284,5,240,0,2009,110000,0
206,11851,5,1990,1990,1424,1442,5,500,0,2009,180500,0
207,13673,5,1962,1962,1140,1696,8,349,0,2007,143900,0
208,12493,5,1960,1960,1100,1100,6,312,0,2008,141000,0
209,14364,5,1988,1989,1157,2062,7,454,0,2007,277000,1
210,8250,7,1964,1964,1092,1092,6,504,0,2008,145000,0
211,5604,6,1925,1950,864,864,5,0,0,2008,98000,0
212,10420,5,2009,2009,1212,1212,6,460,0,2010,186000,0
213,8640,5,2009,2009,900,1852,7,644,0,2009,252678,1
214,13568,5,1995,1995,990,990,5,576,0,2006,156000,0
215,10900,7,1977,1977,689,1392,6,299,450,2010,161750,0
216,10011,6,1957,1996,1070,1236,6,447,0,2006,134450,0
217,8450,5,2004,2004,1436,1436,8,484,0,2008,210000,0
218,9906,4,1925,1950,686,1328,8,210,0,2006,107000,0
219,15660,9,1939,2006,798,1954,8,431,0,2008,311500,1
220,3010,5,2005,2006,1248,1248,5,438,0,2006,167240,0
221,8990,5,2006,2006,1498,1498,5,675,0,2006,204900,0
222,8068,5,2002,2002,1010,2267,8,390,0,2009,200000,0
223,11475,6,1975,1975,713,1552,6,434,0,2006,179900,0
224,10500,6,1971,1971,864,864,4,576,0,2009,97000,0
225,13472,5,2003,2003,2392,2392,8,968,0,2009,386250,1
226,1680,5,1971,1971,630,1302,6,280,0,2009,112000,0
227,9950,5,1995,1995,1203,2520,9,721,0,2007,290000,1
228,1869,6,1970,1970,483,987,5,280,0,2008,106000,0
229,8521,5,1967,1967,912,912,5,336,0,2010,125000,0
230,3182,5,2005,2006,1373,1555,7,430,0,2009,192500,0
231,8760,6,1959,1959,1194,1194,6,312,0,2010,148000,0
232,15138,5,1995,1996,1462,2794,9,810,0,2009,403000,1
233,1680,5,1972,1972,483,987,5,288,0,2006,94500,0
234,10650,6,1976,1976,894,894,5,308,0,2010,128200,0
235,7851,5,2002,2002,860,1960,8,440,0,2010,216500,0
236,1680,3,1971,1971,483,987,5,264,0,2008,89500,0
237,8773,5,2004,2004,1414,1414,6,494,0,2010,185500,0
238,9453,7,1993,2003,996,1744,7,457,0,2010,194500,0
239,12030,5,2007,2007,1694,1694,7,818,0,2007,318000,1
240,8741,4,1945,1950,735,1487,7,220,0,2010,113000,0
241,9000,5,2008,2008,1566,1566,7,750,0,2010,262500,1
242,3880,9,1945,1997,686,866,4,0,0,2007,110500,0
243,5000,4,1900,1950,540,1440,6,352,0,2006,79000,0
244,10762,6,1980,1980,626,1217,6,288,0,2009,120000,0
245,8880,5,1994,2002,948,2110,8,463,0,2010,205000,0
246,10400,5,1988,1988,1845,1872,6,604,0,2006,241500,0
247,9142,8,1910,1950,1020,1928,9,440,0,2006,137000,0
248,11310,5,1954,1954,1367,1375,5,451,0,2006,140000,0
249,11317,5,2003,2003,840,1668,8,500,0,2007,180000,0
250,159000,7,1958,2006,1444,2144,7,389,500,2007,277000,1
251,5350,2,1940,1966,728,1306,6,0,450,2010,76500,0
252,4750,5,2006,2007,1573,1625,5,538,0,2007,235000,0
253,8366,5,2004,2004,798,1640,6,520,0,2008,173000,0
254,9350,7,1964,1991,1302,1302,7,309,0,2007,158000,0
255,8400,6,1957,1957,1314,1314,5,294,0,2010,145000,0
256,8738,5,1999,1999,975,2291,8,429,0,2006,230000,0
257,8791,5,2003,2003,864,1728,7,673,0,2008,207500,0
258,8814,5,2006,2006,1604,1604,8,660,0,2009,220000,0
259,12435,5,2001,2001,963,1792,7,564,0,2008,231500,0
260,12702,5,1956,1956,0,882,4,308,0,2008,97000,0
261,19296,5,1962,1962,1362,1382,6,884,0,2009,176000,0
262,9588,5,2007,2007,1482,2574,10,868,0,2007,276000,1
263,8471,7,1977,1995,506,1212,6,492,0,2006,151000,0
264,5500,7,1929,2001,926,1316,6,484,0,2010,130000,0
265,5232,5,1925,2004,680,764,4,504,0,2008,73000,0
266,12090,6,1981,1981,1422,1422,7,576,0,2008,175500,0
267,11207,5,1997,1997,802,1511,8,413,0,2006,185000,0
268,8400,8,1939,1997,720,2192,8,240,0,2008,179500,0
269,6900,6,1940,1955,740,778,4,924,0,2008,120500,0
270,7917,7,1976,1976,1143,1113,6,504,0,2007,148000,0
271,10728,5,2006,2006,1095,1939,8,1053,0,2006,266000,1
272,39104,7,1954,2005,1385,1363,5,439,0,2008,241500,0
273,11764,7,1999,2007,1152,2270,9,671,0,2010,290000,1
274,9600,6,1958,1988,1240,1632,6,338,0,2009,139000,0
275,8314,7,1982,1982,816,816,5,264,0,2007,124500,0
276,7264,7,1925,2007,952,1548,5,672,0,2009,205000,0
277,9196,5,2003,2003,1560,1560,7,573,0,2010,201000,0
278,19138,5,1951,1951,864,864,4,400,0,2010,141000,0
279,14450,5,2006,2007,2121,2121,8,732,0,2007,415298,1
280,10005,5,1977,1977,1160,2022,8,505,0,2008,192000,0
281,11287,6,1989,1989,807,1982,7,575,0,2007,228500,0
282,7200,5,2006,2006,1262,1262,5,572,0,2006,185000,0
283,5063,5,2007,2008,1314,1314,6,626,0,2009,207500,0
284,9612,5,2008,2009,1468,1468,6,898,0,2009,244600,0
285,8012,5,1992,1992,1575,1575,5,529,0,2007,179200,0
286,4251,5,2006,2007,625,1250,5,528,0,2007,164700,0
287,9786,7,1962,1981,912,1734,7,440,0,2006,159000,0
288,8125,4,1971,1971,858,858,5,0,0,2006,88000,0
289,9819,5,1967,1967,882,900,5,280,0,2010,122000,0
290,8730,7,1915,2003,698,1396,7,384,0,2007,153575,0
291,15611,5,2006,2006,1079,1919,8,685,0,2006,233230,0
292,5687,6,1912,2000,780,1716,9,0,0,2008,135900,0
293,11409,4,1949,2008,768,1716,8,281,0,2009,131000,0
294,16659,7,1977,1994,795,2263,9,539,0,2006,235000,0
295,9600,5,1953,1953,1416,1644,7,418,0,2009,167000,0
296,7937,6,1984,1984,1003,1003,6,588,0,2006,142500,0
297,13710,5,1950,1950,910,1558,6,282,0,2007,152000,0
298,7399,5,1997,1998,975,1950,7,576,0,2007,239000,0
299,11700,6,1968,1968,702,1743,7,539,0,2007,175000,0
300,14000,8,1950,2004,1092,1152,6,300,0,2009,158500,0
301,15750,5,1953,1953,1165,1336,5,375,0,2006,157000,0
302,16226,5,1998,1999,1028,2452,9,683,0,2007,267000,1
303,13704,5,2001,2002,1541,1541,6,843,0,2006,205000,0
304,9800,7,1972,1972,894,894,5,552,0,2006,149900,0
305,18386,9,1880,2002,1470,3493,10,870,0,2008,295000,1
306,10386,5,2004,2005,2000,2000,8,888,0,2007,305900,1
307,13474,5,1990,1991,700,2243,8,746,0,2007,225000,0
308,7920,7,1920,1950,319,1406,6,0,0,2008,89500,0
309,12342,5,1940,1950,861,861,4,539,0,2009,82500,0
310,12378,5,2003,2004,1896,1944,8,708,0,2006,360000,1
311,7685,5,1993,1994,697,1501,6,420,0,2006,165600,0
312,8000,6,1948,2002,972,972,5,240,0,2009,132000,0
313,7800,7,1939,1950,793,1118,5,410,0,2006,119900,0
314,215245,5,1965,1965,2136,2036,8,513,0,2009,375000,1
315,9600,7,1925,1990,728,1641,6,546,0,2006,178000,0
316,7795,5,2004,2005,716,1432,6,432,0,2009,188500,0
317,13005,7,1980,1980,845,2353,10,484,0,2009,260000,1
318,9000,5,2006,2006,1088,1959,8,1025,0,2007,270000,1
319,9900,5,1993,1993,1347,2646,9,656,0,2009,260000,1
320,14115,5,1980,1980,1372,1472,6,588,0,2009,187500,0
321,16259,5,2006,2006,1249,2596,9,840,0,2006,342643,1
322,12099,5,2004,2004,1136,2468,10,872,0,2007,354000,1
323,10380,5,1986,1987,1502,2730,8,576,0,2007,301000,1
324,5820,8,1955,2005,1162,1163,6,220,0,2006,126175,0
325,11275,7,1967,2007,710,2978,11,564,0,2010,242000,0
326,5000,6,1941,1950,720,803,5,360,0,2007,87000,0
327,10846,5,1993,1993,1719,1719,6,473,0,2008,324000,1
328,11600,5,1960,1960,1383,1383,7,292,0,2006,145250,0
329,11888,6,1916,1994,844,2134,10,441,0,2009,214500,0
330,6402,5,1920,1950,596,1192,6,189,0,2009,78000,0
331,10624,4,1964,1964,1728,1728,10,352,0,2007,119000,0
332,8176,6,1958,1992,1056,1056,6,308,0,2007,139000,0
333,10655,5,2003,2004,3206,1629,7,880,0,2009,284000,1
334,8198,5,2004,2004,1358,1358,6,484,0,2008,207000,0
335,9042,5,1998,1998,943,1638,7,472,0,2008,192000,0
336,164660,6,1965,1965,1499,1786,7,529,700,2008,228950,0
337,14157,5,2005,2006,1922,1922,8,676,0,2007,377426,1
338,9135,5,2002,2003,1536,1536,7,532,0,2008,214000,0
339,14145,7,1984,1998,1208,1621,8,440,400,2006,202500,0
340,12400,7,1958,1998,1215,1215,6,297,0,2009,155000,0
341,14191,5,2002,2002,967,1908,9,431,0,2010,202900,0
342,8400,4,1950,1950,721,841,4,294,0,2009,82000,0
343,8544,4,1949,1950,0,1040,6,400,0,2006,87500,0
344,8849,5,2005,2005,1684,1684,6,564,0,2008,266000,1
345,2592,3,1976,1976,536,1112,4,336,0,2010,85000,0
346,6435,5,1939,1950,972,1577,6,312,0,2006,140200,0
347,12772,8,1960,1998,958,958,5,301,15500,2007,151500,0
348,17600,5,1960,1960,1478,1478,6,498,0,2009,157500,0
349,2448,5,2003,2004,764,1626,6,474,0,2008,154000,0
350,20431,5,2005,2006,1848,2728,10,706,0,2006,437154,1
351,7820,5,2007,2007,1869,1869,6,617,0,2007,318061,1
352,5271,5,1986,1986,1453,1453,6,445,0,2006,190000,0
353,9084,6,1941,1950,616,1111,5,200,0,2008,95000,0
354,8520,8,1928,2003,624,720,5,484,0,2010,105900,0
355,8400,5,1940,2000,940,1595,6,240,0,2006,140000,0
356,11249,5,1995,1995,1200,1200,6,521,0,2007,177500,0
357,9248,6,1992,1992,1158,1167,6,400,0,2009,173000,0
358,4224,5,1976,1976,1142,1142,6,528,0,2007,134000,0
359,6930,4,1958,1958,1062,1352,6,288,0,2006,130000,0
360,12011,5,1998,1998,1086,1924,7,592,0,2006,280000,1
361,7540,6,1978,1978,888,912,5,470,0,2007,156000,0
362,9144,5,1940,1982,883,1505,8,240,0,2008,145000,0
363,7301,5,2003,2003,0,1922,7,672,0,2009,198500,0
364,1680,8,1972,2007,483,987,5,264,0,2009,118000,0
365,18800,5,1976,1976,796,1574,6,566,0,2006,190000,0
366,10690,7,1920,1997,672,1344,6,468,0,2009,147000,0
367,9500,5,1963,1963,1394,1394,6,514,0,2009,159000,0
368,9150,5,1962,1962,1099,1431,6,296,0,2008,165000,0
369,7800,6,1954,1954,1268,1268,7,244,0,2010,132000,0
370,9830,7,1959,2006,1063,1287,7,576,0,2010,162000,0
371,8121,5,2000,2000,953,1664,7,460,0,2006,172400,0
372,17120,4,1959,1959,0,1588,7,680,0,2008,134432,0
373,7175,5,1984,1984,744,752,4,264,0,2010,125000,0
374,10634,6,1953,1953,608,1319,5,270,0,2009,123000,0
375,8200,5,2003,2004,847,1928,8,434,0,2007,219500,0
376,10020,1,1922,1950,683,904,4,0,0,2009,61000,0
377,8846,5,1996,1996,870,914,5,576,0,2006,148000,0
378,11143,5,2004,2005,1580,2466,8,610,0,2007,340000,1
379,11394,2,2010,2010,1856,1856,8,834,0,2010,394432,1
380,8123,5,2000,2000,982,1800,7,463,0,2009,179000,0
381,5000,6,1924,1950,1026,1691,6,308,0,2010,127000,0
382,7200,5,2006,2006,1293,1301,5,572,0,2006,187750,0
383,9245,5,2006,2006,939,1797,8,639,0,2007,213500,0
384,9000,3,1928,1950,784,784,5,360,0,2009,76000,0
385,53107,5,1992,1992,1580,1953,9,501,0,2007,240000,0
386,3182,5,2004,2005,1256,1269,6,430,0,2010,192000,0
387,8410,3,1910,1996,658,1184,8,0,0,2006,81000,0
388,7200,6,1976,1976,1041,1125,6,352,0,2009,125000,0
389,9382,5,1999,2000,1468,1479,6,577,0,2008,191000,0
390,12474,5,2007,2008,1682,2332,9,846,0,2008,426000,1
391,8405,8,1900,1950,861,1367,7,384,0,2008,119000,0
392,12209,5,2001,2002,804,1961,7,560,0,2009,215000,0
393,8339,7,1959,1959,0,882,5,294,1200,2007,106500,0
394,7446,5,1941,1950,788,788,4,0,0,2006,100000,0
395,10134,6,1940,1950,735,1034,5,240,0,2007,109000,0
396,9571,6,1956,1956,1144,1144,6,596,0,2010,129000,0
397,7200,5,1972,1972,894,894,6,600,0,2009,123000,0
398,7590,5,1962,1962,864,1812,8,264,0,2007,169500,0
399,8967,2,1920,1950,961,1077,6,338,0,2007,67000,0
400,8125,5,2006,2007,1092,1550,7,438,0,2009,241000,0
401,14963,5,1996,1996,1260,1288,4,500,0,2008,245500,0
402,8767,5,2005,2005,1310,1310,6,400,0,2006,164990,0
403,10200,8,1940,1997,672,672,4,240,0,2008,108000,0
404,12090,5,1998,1998,1141,2263,10,420,0,2006,258000,1
405,10364,5,1995,1996,806,1572,7,373,0,2007,168000,0
406,9991,4,1976,1993,1281,1620,8,490,0,2009,150000,0
407,10480,5,1936,1950,1064,1639,6,240,0,2008,115000,0
408,15576,7,1915,1976,840,1680,8,308,0,2008,177000,0
409,14154,5,2006,2006,1063,2172,9,947,0,2007,280000,1
410,10800,5,2007,2008,1034,2078,8,836,0,2008,339750,1
411,9571,3,1958,1958,1276,1276,5,350,0,2009,60000,0
412,34650,5,1955,1955,1056,1056,5,572,0,2006,145000,0
413,4403,5,2009,2009,1470,1478,7,484,0,2010,222000,0
414,8960,6,1927,1950,1008,1028,5,360,0,2010,115000,0
415,11228,5,1993,1993,1080,2097,9,678,0,2008,228000,0
416,8899,5,2007,2007,1340,1340,6,396,0,2007,181134,0
417,7844,7,1978,1978,672,1400,6,440,0,2006,149500,0
418,22420,6,1918,1950,1370,2624,10,864,0,2007,239000,0
419,8160,6,1940,1950,756,1134,7,240,0,2007,126000,0
420,8450,6,1968,1968,1056,1056,6,304,0,2010,142000,0
421,7060,5,1997,1998,1344,1344,8,784,0,2008,206300,0
422,16635,7,1977,2000,1602,1602,8,529,0,2009,215000,0
423,21750,5,1954,1954,988,988,4,520,0,2008,113000,0
424,9200,5,1998,1998,1470,2630,8,696,0,2008,315000,1
425,9000,5,1956,1956,1196,1196,6,297,0,2008,139000,0
426,3378,8,1946,1992,651,1389,6,240,0,2009,135000,0
427,12800,5,1989,1989,1518,1644,5,569,0,2009,275000,1
428,8593,6,1957,1957,907,907,5,352,0,2008,109008,0
429,6762,5,2007,2007,1208,1208,6,628,0,2007,195400,0
430,11457,5,1988,1988,1392,1412,6,576,0,2009,175000,0
431,1680,5,1971,1971,483,987,4,264,0,2008,85400,0
432,5586,7,1920,1998,901,1198,7,0,0,2008,79900,0
433,1920,5,1971,1971,765,1365,6,440,0,2007,122500,0
434,10839,5,1997,1998,926,1604,7,470,0,2008,181000,0
435,1890,7,1972,1972,630,630,3,0,0,2008,81000,0
436,10667,6,1996,1996,799,1661,6,550,0,2009,212000,0
437,4400,8,1920,1950,648,1118,6,440,0,2006,116000,0
438,6000,7,1926,2004,884,904,4,180,0,2009,119000,0
439,4280,6,1913,2002,440,694,4,352,0,2007,90350,0
440,12354,8,1920,2000,684,1196,7,528,800,2009,110000,0
441,15431,5,2008,2008,3094,2402,10,672,0,2009,555000,1
442,12108,4,1955,1955,1440,1440,8,0,0,2008,118000,0
443,6240,7,1930,1992,1078,1573,8,360,0,2008,162900,0
444,3922,5,2006,2007,1258,1258,6,648,0,2007,172500,0
445,8750,5,1994,1995,915,1908,8,493,0,2008,210000,0
446,9855,5,1956,1956,1436,1689,7,480,0,2009,127500,0
447,16492,6,1966,2002,1517,1888,6,578,0,2010,190000,0
448,11214,5,1998,1999,930,1886,10,431,0,2006,199900,0
449,8600,6,1937,1950,780,1376,7,198,0,2006,119500,0
450,6000,7,1948,2002,649,1183,6,308,0,2007,120000,0
451,5684,8,1930,2005,813,813,5,270,0,2006,110000,0
452,70761,5,1975,1975,1533,1533,5,576,0,2006,280000,1
453,9303,5,1996,1997,872,1756,7,422,0,2007,204000,0
454,9000,5,2008,2008,768,1590,6,676,0,2009,210000,0
455,9297,5,1976,1976,1728,1728,8,560,0,2006,188000,0
456,9600,6,1973,1973,1242,1242,6,528,0,2007,175500,0
457,4571,5,1916,1950,624,1344,7,513,0,2008,98000,0
458,53227,6,1954,1994,1364,1663,6,529,0,2008,256000,1
459,5100,7,1925,1996,588,1666,7,228,0,2008,161000,0
460,7015,4,1950,1950,709,1203,5,352,0,2009,110000,0
461,8004,5,2009,2009,832,1935,8,552,0,2009,263435,1
462,7200,9,1936,2007,560,1135,6,576,0,2009,155000,0
463,8281,5,1965,1965,864,864,5,360,0,2009,62383,0
464,11988,7,1934,1995,715,1660,6,240,0,2008,188700,0
465,8430,5,1978,1978,1040,1040,5,0,0,2009,124000,0
466,3072,5,2004,2004,1375,1414,6,398,0,2006,178740,0
467,10628,5,1970,1970,1277,1277,5,526,0,2007,167000,0
468,9480,7,1942,1995,728,1644,7,312,0,2007,146500,0
469,11428,5,2006,2006,1626,1634,7,866,0,2007,250000,1
470,9291,5,1993,1993,832,1710,7,506,0,2008,187000,0
471,6820,5,1985,1985,1488,1502,4,528,0,2010,212000,0
472,11952,6,1977,1977,808,1969,8,534,0,2007,190000,0
473,3675,5,2005,2005,547,1072,5,525,0,2008,148000,0
474,14977,5,2006,2007,1976,1976,7,908,0,2007,440000,1
475,5330,5,2000,2000,1494,1652,6,499,0,2007,251000,1
476,8480,6,1963,1963,970,970,5,624,0,2007,132500,0
477,13125,5,1997,1998,1478,1493,7,508,0,2008,208900,0
478,13693,5,2006,2006,2153,2643,9,694,0,2007,380000,1
479,10637,5,2007,2008,1705,1718,7,826,0,2009,297000,1
480,5925,7,1937,2000,907,1131,7,672,0,2007,89471,0
481,16033,5,2004,2005,1833,1850,8,772,0,2006,326000,1
482,11846,5,2003,2004,1792,1792,6,874,0,2006,374000,1
483,2500,8,1915,2005,910,1826,7,164,0,2009,155000,0
484,4500,5,1998,1998,1216,1216,5,402,0,2006,164000,0
485,7758,7,1962,2001,999,999,6,264,0,2007,132500,0
486,9600,7,1950,2007,1113,1113,5,264,0,2009,147000,0
487,10289,7,1965,1965,1073,1073,6,515,0,2007,156000,0
488,12243,6,1971,1971,1484,1484,7,487,0,2007,175000,0
489,10800,4,1900,1970,954,2414,10,520,0,2006,160000,0
490,1526,8,1970,2002,630,630,3,286,0,2009,86000,0
491,2665,6,1976,1976,264,1304,4,336,0,2008,115000,0
492,9490,7,1941,1950,806,1578,5,240,0,2006,133000,0
493,15578,5,2006,2006,728,1456,8,429,0,2006,172785,0
494,7931,6,1960,1960,1269,1269,6,308,0,2008,155000,0
495,5784,8,1938,1996,190,886,4,273,0,2009,91300,0
496,7879,5,1920,1950,720,720,4,0,0,2009,34900,0
497,12692,5,1992,1993,3200,3228,10,546,0,2007,430000,1
498,9120,6,1925,1950,1026,1820,8,240,0,2008,184000,0
499,7800,7,1967,2004,864,899,5,288,0,2009,130000,0
500,7535,7,1958,1985,912,912,5,297,480,2007,120000,0
501,1890,5,1973,1973,672,1218,7,264,0,2007,113000,0
502,9803,5,2005,2005,866,1768,7,603,0,2008,226700,0
503,9170,7,1965,1965,1214,1214,6,461,400,2007,140000,0
504,15602,8,1959,1997,1501,1801,6,484,0,2010,289000,1
505,2308,5,1974,1974,855,1322,6,440,0,2009,147000,0
506,7596,5,1952,1952,960,1960,10,400,0,2009,124500,0
507,9554,5,1993,1994,777,1911,8,471,0,2006,215000,0
508,7862,5,2009,2009,1218,1218,4,676,0,2009,208300,0
509,9600,9,1928,2005,689,1378,7,360,0,2008,161000,0
510,9600,6,1959,1959,1041,1041,6,270,0,2009,124500,0
511,14559,7,1951,2000,1008,1363,6,288,2000,2009,164900,0
512,6792,5,2005,2006,1368,1368,6,474,0,2006,202665,0
513,9100,5,1958,1958,864,864,5,624,0,2006,129900,0
514,9187,5,1983,1983,1084,1080,5,484,0,2007,134000,0
515,10594,5,1926,1950,768,789,5,200,0,2007,96500,0
516,12220,5,2009,2009,2006,2020,9,900,0,2009,402861,1
517,10448,6,1972,1972,689,2119,7,583,0,2009,158000,0
518,10208,5,1996,1997,1264,2344,7,889,0,2009,265000,1
519,9531,5,1998,1998,794,1796,7,546,0,2007,211000,0
520,10918,9,1926,2004,1276,2080,9,282,0,2009,234000,0
521,10800,7,1900,2000,0,1294,7,0,0,2008,106250,0
522,11988,6,1957,1957,1244,1244,6,336,0,2007,150000,0
523,5000,7,1947,1950,1004,1664,7,420,0,2006,159000,0
524,40094,5,2007,2008,3138,4676,11,884,0,2007,184750,0
525,11787,5,1996,1997,1379,2398,8,834,0,2007,315750,1
526,7500,5,2005,2005,1257,1266,6,453,0,2006,176000,0
527,13300,7,1956,2000,928,928,4,252,0,2007,132000,0
528,14948,5,2008,2008,1452,2713,11,858,0,2008,446261,1
529,9098,7,1920,2002,528,605,5,0,0,2007,86000,0
530,32668,3,1957,1975,2035,2515,9,484,0,2007,200624,0
531,10200,5,1988,1989,1461,1509,5,600,0,2008,175000,0
532,6155,8,1920,1999,611,1362,6,502,0,2008,128000,0
533,7200,7,1955,2007,0,827,5,392,0,2010,107500,0
534,5000,3,1946,1950,0,334,2,0,0,2007,39300,0
535,9056,5,2004,2004,707,1414,6,403,0,2006,178000,0
536,7000,7,1910,1991,1117,1347,5,0,0,2008,107500,0
537,8924,5,1998,1999,880,1724,8,527,0,2008,188000,0
538,12735,5,1972,1972,864,864,5,576,0,2008,111250,0
539,11553,5,1968,1968,1051,1159,7,336,0,2006,158000,0
540,11423,5,2001,2002,1581,1601,6,670,2000,2010,272000,1
541,14601,5,2006,2006,1838,1838,8,765,0,2009,315000,1
542,11000,5,2000,2000,969,2285,8,648,0,2007,248000,1
543,10140,5,1998,1999,1650,1680,7,583,0,2009,213250,0
544,4058,5,1998,1998,723,767,4,367,0,2007,133000,0
545,17104,5,2006,2006,654,1496,7,426,0,2006,179665,0
546,13837,5,1988,1988,1204,2183,9,786,0,2006,229000,0
547,8737,7,1923,1950,1065,1635,6,440,0,2007,210000,0
548,7244,7,1970,1970,768,768,5,624,0,2007,129500,0
549,8235,7,1955,1995,825,825,4,720,0,2008,125000,0
550,9375,5,2003,2004,912,2094,8,615,0,2009,263000,1
551,4043,6,1977,1977,1069,1069,4,440,0,2008,140000,0
552,6000,6,1957,1957,928,928,5,288,0,2008,112500,0
553,11146,5,2006,2006,1709,1717,7,908,0,2009,255500,1
554,8777,5,1949,2003,0,1126,5,520,0,2009,108000,0
555,10625,5,2003,2004,998,2046,8,871,0,2008,284000,1
556,6380,6,1922,1950,993,1048,5,280,0,2006,113000,0
557,14850,5,1957,1957,1092,1092,6,299,0,2006,141000,0
558,11040,6,1920,1950,637,1336,7,570,0,2006,108000,0
559,21872,5,1996,1997,729,1446,6,406,0,2008,175000,0
560,3196,5,2003,2004,1374,1557,7,420,0,2006,234000,0
561,11341,6,1957,1996,1392,1392,5,528,0,2010,121500,0
562,10010,5,1974,1975,1389,1389,6,418,0,2006,170000,0
563,13907,6,1940,1969,996,996,6,0,0,2008,108000,0
564,21780,7,1918,1950,1163,1674,8,396,0,2008,185000,0
565,13346,5,1992,2000,1095,2295,9,590,0,2006,268000,1
566,6858,4,1915,1950,806,1647,6,216,0,2010,128000,0
567,11198,5,2005,2007,1122,2504,11,656,0,2008,325000,1
568,10171,5,2004,2004,1517,1535,7,532,0,2010,214000,0
569,12327,8,1983,2009,1496,2132,5,612,0,2009,316600,1
570,7032,5,1979,1979,943,943,4,600,0,2006,135960,0
571,13101,5,1965,1965,1728,1728,10,576,0,2008,142600,0
572,7332,6,1959,1959,864,864,4,288,0,2006,120000,0
573,13159,5,2009,2009,846,1692,6,650,0,2009,224500,0
574,9967,5,2000,2000,384,1430,8,400,0,2007,170000,0
575,10500,7,1971,2005,372,1109,5,288,0,2007,139000,0
576,8480,5,1947,1950,832,1216,6,336,0,2008,118500,0
577,6292,7,1928,1950,861,1477,6,216,0,2009,145000,0
578,11777,6,1966,1966,1164,1320,6,564,0,2006,164500,0
579,3604,5,2007,2007,689,1392,5,540,0,2008,146000,0
580,12150,5,1954,1954,1050,1795,7,352,0,2008,131500,0
581,14585,6,1960,1987,1144,1429,7,572,0,2007,181900,0
582,12704,5,2008,2009,2042,2042,8,1390,0,2009,253293,1
583,11841,5,1990,1990,816,816,5,0,0,2007,118500,0
584,13500,9,1893,2000,1237,2775,9,880,0,2008,325000,1
585,6120,7,1935,1995,884,1573,6,240,0,2009,133000,0
586,11443,5,2005,2006,1868,2028,7,880,0,2006,369900,1
587,10267,7,1918,2000,816,838,5,275,0,2008,130000,0
588,8740,6,1982,1982,840,860,4,528,0,2009,137000,0
589,25095,8,1968,2003,1437,1473,5,452,0,2009,143000,0
590,9100,6,1930,1960,742,935,4,308,600,2008,79500,0
591,8320,5,2004,2004,770,1582,6,520,0,2008,185900,0
592,13478,5,2008,2008,1722,2296,10,842,0,2009,451950,1
593,6600,8,1982,2003,816,816,4,816,0,2008,138000,0
594,4435,5,2003,2003,848,848,4,420,0,2009,140000,0
595,7990,6,1975,1975,924,924,5,280,0,2008,110000,0
596,11302,5,2005,2006,1814,1826,7,758,0,2006,319000,1
597,3600,7,1910,1993,684,1368,7,216,0,2006,114504,0
598,3922,5,2006,2007,1258,1402,7,648,0,2007,194201,0
599,12984,6,1977,1977,1430,1647,7,621,0,2006,217500,0
600,1950,6,1980,1980,716,1556,6,452,0,2008,151000,0
601,10927,5,2005,2005,1058,1904,8,736,0,2006,275000,1
602,9000,6,1937,1950,780,1375,6,544,0,2007,141000,0
603,10041,5,1992,1992,908,1915,8,506,0,2006,220000,0
604,3182,5,2004,2005,600,1200,4,480,0,2010,151000,0
605,12803,5,2002,2002,1494,1494,6,530,0,2008,221000,0
606,13600,6,1965,1990,768,1986,7,486,0,2009,205000,0
607,12464,5,1996,1996,1040,1040,6,576,0,2009,152000,0
608,7800,8,1948,2002,896,2008,8,230,0,2006,225000,0
609,12168,6,1934,1998,965,3194,10,380,0,2007,359100,1
610,7943,5,1961,1961,1029,1029,5,261,0,2007,118500,0
611,11050,5,2000,2000,1440,2153,8,736,0,2009,313000,1
612,10395,6,1978,1978,1032,1032,6,564,500,2007,148000,0
613,11885,5,2001,2001,1299,1872,7,531,0,2009,261500,1
614,8402,5,2007,2007,1120,1120,6,0,0,2007,147000,0
615,1491,6,1972,1972,630,630,3,0,0,2010,75500,0
616,8800,7,1963,1963,936,1054,6,480,0,2010,137500,0
617,7861,5,2002,2003,783,1509,7,393,0,2006,183200,0
618,7227,6,1954,1954,832,832,4,528,0,2008,105500,0
619,11694,5,2007,2007,1822,1828,9,774,0,2007,314813,1
620,12244,5,2003,2003,1482,2262,10,749,0,2008,305000,1
621,8248,3,1914,1950,864,864,5,0,0,2008,67000,0
622,10800,7,1974,1997,1522,2614,9,624,0,2008,240000,0
623,7064,6,1977,1977,980,980,6,484,0,2009,135000,0
624,2117,5,2000,2000,756,1512,4,440,0,2007,168500,0
625,10400,5,1972,1972,732,1790,8,484,0,2006,165150,0
626,10000,6,1962,1962,1116,1116,5,440,0,2010,160000,0
627,12342,5,1960,1978,978,1422,6,286,600,2007,139900,0
628,9600,6,1955,1972,1156,1520,7,364,0,2010,153000,0
629,11606,5,1969,1969,1040,2080,9,504,0,2007,135000,0
630,9020,5,1964,1964,1248,1350,6,520,0,2008,168500,0
631,9000,6,1880,1991,636,1750,8,240,0,2006,124000,0
632,4590,5,2006,2006,1554,1554,6,627,0,2007,209500,0
633,11900,5,1977,1977,1386,1411,6,544,0,2009,82500,0
634,9250,7,1954,2005,1056,1056,6,260,0,2007,139400,0
635,6979,5,1980,1980,1056,1056,4,576,600,2010,144000,0
636,10896,7,1914,1995,1440,3395,14,0,0,2007,200000,0
637,6120,3,1936,1950,264,800,4,0,0,2009,60000,0
638,6000,4,1954,1954,811,1387,7,256,0,2009,93000,0
639,8777,7,1910,1950,796,796,4,0,0,2008,85000,0
640,3982,5,2006,2006,1520,1567,7,648,0,2006,264561,1
641,12677,5,2003,2004,1518,1518,6,588,0,2008,274000,1
642,7050,5,2001,2001,1057,1929,7,650,0,2007,226000,0
643,13860,7,1972,1995,1952,2704,9,538,0,2009,345000,1
644,10793,5,1969,1969,780,1620,7,462,0,2007,152000,0
645,9187,5,2009,2009,1766,1766,7,478,0,2009,370878,1
646,10530,5,1971,1971,981,981,5,576,0,2007,143250,0
647,7200,5,1950,1950,0,1048,7,420,0,2008,98300,0
648,10452,5,1953,1953,1094,1094,5,495,0,2008,155000,0
649,7700,5,1966,1966,756,1839,7,442,0,2010,155000,0
650,1936,6,1970,1970,630,630,3,0,0,2007,84500,0
651,8125,6,2007,2007,813,1665,7,562,0,2008,205950,0
652,9084,5,1940,1950,755,1510,7,296,0,2009,108000,0
653,8750,5,1996,1996,880,1716,7,512,0,2009,191000,0
654,10320,7,1906,1995,756,1469,7,216,0,2008,135000,0
655,10437,6,1995,1995,2109,2113,7,839,0,2008,350000,1
656,1680,5,1971,1971,525,1092,6,264,0,2010,88000,0
657,10007,7,1959,2006,1053,1053,5,312,0,2008,145500,0
658,7200,6,1931,2000,776,1502,6,270,0,2008,149000,0
659,17503,5,1948,1950,912,1458,6,330,0,2010,97500,0
660,9937,7,1964,1999,1486,1486,7,480,0,2009,167000,0
661,12384,7,1976,1976,793,1935,7,550,0,2007,197900,0
662,46589,7,1994,2005,1629,2448,8,711,0,2009,402000,1
663,13560,3,1968,1968,1392,1392,5,576,0,2009,110000,0
664,10012,5,1972,1972,1138,1181,6,588,0,2008,137500,0
665,20896,5,2005,2006,2077,2097,8,1134,0,2006,423000,1
666,11194,5,2000,2000,1406,1936,7,504,0,2006,230500,0
667,18450,5,1965,1979,1021,2380,7,596,0,2007,129000,0
668,8125,5,1994,1998,1408,1679,7,575,0,2008,193500,0
669,14175,6,1956,1987,1188,1437,6,576,0,2006,168000,0
670,11600,5,1922,1950,700,1180,5,252,0,2006,137500,0
671,8633,5,2005,2005,738,1476,7,540,0,2009,173500,0
672,6629,6,1925,1950,672,1369,6,300,0,2009,103600,0
673,11250,6,1977,1977,1208,1208,6,546,0,2006,165000,0
674,14442,7,1957,2004,1477,1839,7,416,0,2007,257500,1
675,9200,6,1965,1965,1136,1136,5,384,0,2008,140000,0
676,2289,6,1978,1978,855,1441,7,440,0,2009,148500,0
677,9600,2,1900,1950,1095,1774,8,779,0,2006,87000,0
678,9022,8,1924,2006,768,792,5,240,0,2009,109500,0
679,11844,5,2008,2008,2046,2046,7,834,0,2009,372500,1
680,9945,5,1961,1961,988,988,5,572,0,2007,128500,0
681,8012,5,1980,1980,923,923,5,264,0,2010,143000,0
682,4500,5,1932,2000,793,1520,6,281,0,2009,159434,0
683,2887,5,1996,1997,1291,1291,6,431,0,2008,173000,0
684,11248,5,2002,2002,1626,1668,7,702,0,2007,285000,1
685,16770,5,1998,1998,1195,1839,7,486,0,2010,221000,0
686,5062,5,1984,1984,1190,2090,6,577,0,2007,207500,0
687,10207,6,2007,2007,874,1761,7,578,0,2007,227875,0
688,5105,5,2004,2004,551,1102,4,480,0,2007,148800,0
689,8089,6,2007,2007,1419,1419,7,567,0,2007,392000,1
690,7577,5,2005,2006,1362,1362,6,460,0,2007,194700,0
691,4426,5,2004,2004,848,848,3,420,0,2008,141000,0
692,21535,6,1994,1995,2444,4316,10,832,0,2007,755000,1
693,26178,5,1989,1990,1210,2519,9,628,0,2006,335000,1
694,5400,6,1921,1968,1073,1073,4,326,0,2006,108480,0
695,6120,6,1936,1950,927,1539,5,576,0,2009,141500,0
696,13811,6,1987,1987,1112,1137,5,551,0,2006,176000,0
697,6000,7,1921,1950,616,616,4,205,0,2006,89000,0
698,6420,7,1952,1952,980,1148,6,308,0,2006,123500,0
699,8450,8,1965,2009,894,894,5,336,0,2010,138500,0
700,4282,5,2004,2004,1391,1391,5,530,0,2008,196000,0
701,14331,5,2002,2002,1800,1800,7,765,0,2006,312500,1
702,9600,5,1969,1969,1164,1164,6,528,0,2006,140000,0
703,12438,5,2006,2006,1234,2576,10,666,0,2006,361919,1
704,7630,9,1900,1996,360,1812,8,672,0,2010,140000,0
705,8400,5,2004,2005,1473,1484,7,606,0,2010,213000,0
706,5600,5,1930,1950,0,1092,7,0,3500,2010,55000,0
707,115149,5,1971,2002,1643,1824,5,739,0,2007,302000,1
708,6240,5,2006,2006,1324,1324,6,550,0,2009,254000,1
709,9018,5,2007,2007,728,1456,8,400,0,2007,179540,0
710,7162,7,1966,1966,876,904,6,408,0,2008,109900,0
711,4130,6,1935,2003,270,729,5,0,0,2008,52000,0
712,8712,7,1900,1950,859,1178,7,384,0,2010,102776,0
713,4671,5,1988,1989,1228,1228,5,472,0,2008,189000,0
714,9873,5,1970,1970,960,960,6,576,0,2006,129000,0
715,13517,8,1976,2005,725,1479,6,475,0,2010,130500,0
716,10140,5,1974,1974,1064,1350,7,478,0,2009,165000,0
717,10800,8,1890,1998,718,2554,8,704,0,2007,159500,0
718,10000,6,1973,2000,1176,1178,5,439,0,2008,157000,0
719,10542,5,1993,1994,1311,2418,9,983,0,2008,341000,1
720,9920,6,1969,1969,971,971,5,300,0,2006,128500,0
721,6563,5,1985,1985,1742,1742,5,564,0,2006,275000,1
722,4426,5,2004,2004,848,848,3,420,0,2010,143000,0
723,8120,7,1970,1970,864,864,5,463,0,2009,124500,0
724,8172,6,1954,1972,941,1470,7,548,0,2008,135000,0
725,13286,5,2007,2008,1698,1698,8,768,0,2009,320000,1
726,6960,6,1970,1970,864,864,5,660,500,2009,120500,0
727,21695,9,1988,2007,880,1680,5,540,0,2009,222000,0
728,7314,5,2007,2007,1232,1232,6,632,0,2009,194500,0
729,11475,5,1958,1958,1584,1776,9,888,0,2009,110000,0
730,6240,5,1925,1950,780,1208,5,539,0,2009,103000,0
731,5389,5,1995,1996,1595,1616,5,608,0,2010,236500,0
732,9590,5,2003,2003,868,1146,6,438,0,2007,187500,0
733,11404,5,1998,1999,1153,2031,8,541,0,2008,222500,0
734,10000,6,1961,1983,864,1144,6,264,400,2009,131400,0
735,8978,5,1968,1968,948,948,6,300,0,2007,108000,0
736,10800,7,1914,1970,880,1768,6,320,0,2006,163000,0
737,8544,4,1950,1950,0,1040,6,400,0,2006,93500,0
738,10463,5,2005,2005,893,1801,8,800,0,2006,239900,0
739,10800,5,1987,1988,1200,1200,5,0,0,2009,179000,0
740,9313,5,2004,2004,864,1728,7,572,0,2009,190000,0
741,9600,7,1910,2002,264,1432,7,360,0,2007,132000,0
742,6768,8,1961,1996,912,912,5,288,0,2008,142000,0
743,8450,5,2000,2001,1349,1349,6,539,0,2007,179000,0
744,12886,6,1963,1999,520,1464,6,480,0,2009,175000,0
745,5395,5,1993,1993,1337,1337,5,462,0,2008,180000,0
746,8963,9,1976,1996,1142,2715,11,831,0,2008,299800,1
747,8795,5,2000,2000,952,2256,8,554,0,2009,236000,0
748,11700,7,1880,2003,1240,2640,8,864,0,2009,265979,1
749,10593,5,1996,1996,1720,1720,7,527,0,2010,260400,1
750,8405,3,1945,1950,0,1529,9,240,0,2009,98000,0
751,8800,7,1910,2004,576,1140,7,0,0,2010,96500,0
752,7750,5,2003,2003,660,1320,6,400,0,2007,162000,0
753,9236,5,1997,1997,1479,1494,6,576,0,2006,217000,0
754,10240,5,2005,2005,1030,2098,8,878,0,2006,275500,1
755,7930,8,1969,2005,1026,1026,5,440,0,2009,156000,0
756,3230,5,1999,1999,729,1471,6,440,0,2009,172500,0
757,10769,5,2007,2007,866,1768,7,578,0,2009,212000,0
758,11616,5,1978,1978,672,1386,6,440,0,2010,158900,0
759,2280,5,1999,1999,744,1501,6,440,0,2008,179400,0
760,12257,5,1995,1995,1318,2531,9,752,0,2007,290000,1
761,9100,6,1959,1959,864,864,5,300,450,2009,127500,0
762,6911,5,1924,1950,1145,1301,5,440,0,2009,100000,0
763,8640,5,2009,2009,756,1547,7,614,0,2010,215200,0
764,9430,5,1999,1999,1252,2365,8,856,0,2009,337000,1
765,9549,5,1995,1996,1494,1494,6,481,0,2006,270000,1
766,14587,5,2008,2008,1498,1506,6,592,0,2008,264132,1
767,10421,5,1988,1988,980,1714,7,496,500,2010,196500,0
768,12508,7,1940,1985,983,1750,7,423,1300,2008,160000,0
769,9100,5,2004,2005,1860,1836,8,484,0,2006,216837,0
770,53504,5,2003,2003,1650,3279,12,841,0,2010,538000,1
771,7252,5,1982,1982,858,858,5,576,0,2009,134900,0
772,8877,5,1951,1951,836,1220,6,396,0,2006,102000,0
773,7819,5,1976,1976,1029,1117,6,672,0,2010,107000,0
774,10150,5,1958,1958,912,912,5,275,0,2007,114500,0
775,14226,5,2006,2006,1935,1973,9,895,0,2007,395000,1
776,4500,5,1998,1998,1204,1204,5,412,0,2009,162000,0
777,11210,5,2005,2006,1614,1614,7,865,0,2006,221500,0
778,13350,5,1974,1974,864,894,5,440,0,2006,142500,0
779,8400,5,1977,1977,0,2020,10,630,0,2007,144000,0
780,10530,5,1977,1977,975,1004,4,504,0,2006,135000,0
781,7875,5,1995,1996,1237,1253,6,402,0,2007,176000,0
782,7153,5,1992,1992,761,1603,7,484,0,2006,175900,0
783,16285,5,2001,2002,1413,1430,6,605,0,2009,187100,0
784,9101,6,1978,1978,1097,1110,4,602,0,2009,165500,0
785,6300,6,1914,2001,742,1484,9,0,0,2008,128000,0
786,9790,5,1967,1967,1372,1342,7,457,0,2009,161500,0
787,10800,6,1915,1950,686,1652,7,416,1200,2010,139000,0
788,10142,5,2004,2004,956,2084,8,618,0,2010,233000,0
789,6000,7,1954,2000,901,901,4,281,0,2008,107900,0
790,12205,8,1966,2007,832,2087,9,444,0,2007,187500,0
791,3182,5,2005,2006,1145,1145,5,397,0,2009,160200,0
792,11333,5,1976,1976,1029,1062,5,539,0,2007,146800,0
793,9920,5,1996,1997,1117,2013,8,455,0,2007,269790,1
794,9158,5,2007,2007,1496,1496,7,474,0,2007,225000,0
795,10832,5,1994,1996,712,1895,7,409,500,2008,194500,0
796,8400,6,1980,1981,650,1564,7,476,0,2010,171000,0
797,8197,5,1977,1977,660,1285,7,528,0,2007,143500,0
798,7677,5,1953,1953,773,773,4,240,0,2008,110000,0
799,13518,5,2008,2009,1926,3140,11,820,0,2009,485000,1
800,7200,7,1937,1950,731,1768,7,240,0,2007,175000,0
801,12798,5,1997,1997,616,1688,8,603,400,2008,200000,0
802,4800,7,1916,1990,1196,1196,5,440,0,2007,109900,0
803,8199,5,2005,2005,728,1456,7,410,0,2008,189000,0
804,13891,5,2008,2009,1734,2822,12,1020,0,2009,582933,1
805,9000,5,1954,1954,936,1128,5,286,0,2006,118000,0
806,12274,5,2008,2008,1417,1428,6,554,0,2008,227680,0
807,9750,5,1967,1967,980,980,6,384,0,2006,135500,0
808,21384,6,1923,2004,1324,1576,6,528,0,2009,223500,0
809,13400,5,1966,1966,1024,1086,6,484,0,2006,159950,0
810,8100,5,1898,1965,849,2138,11,360,0,2009,106000,0
811,10140,6,1974,1999,1040,1309,5,484,0,2006,181000,0
812,4438,5,2004,2004,848,848,4,420,0,2008,144500,0
813,8712,5,1952,1952,540,1044,4,504,54,2010,55993,0
814,9750,6,1958,1958,1442,1442,7,301,500,2007,157900,0
815,8248,7,1918,1950,686,1250,7,280,0,2006,116000,0
816,12137,5,1998,1998,1649,1661,6,598,0,2010,224900,0
817,11425,6,1954,1954,1008,1008,4,275,0,2006,137000,0
818,13265,5,2002,2002,1568,1689,7,857,0,2008,271000,1
819,8816,7,1971,1971,1010,1052,6,440,0,2010,155000,0
820,6371,5,2009,2010,1358,1358,6,484,0,2010,224000,0
821,7226,5,2003,2003,798,1640,6,595,0,2008,183000,0
822,6000,4,1953,1953,936,936,4,576,0,2009,93000,0
823,12394,5,2003,2003,847,1733,7,433,0,2007,225000,0
824,9900,7,1940,1950,778,1489,7,240,0,2009,139500,0
825,11216,5,2006,2006,1489,1489,7,776,0,2006,232600,0
826,14803,5,2007,2008,2078,2084,7,1220,0,2008,385000,1
827,6130,6,1924,1950,784,784,5,0,0,2008,109500,0
828,8529,5,2001,2001,1454,1434,6,527,0,2009,189000,0
829,28698,5,1967,1967,1013,2126,7,538,0,2009,185000,0
830,2544,5,2005,2005,600,1223,4,480,0,2006,147400,0
831,11900,5,1957,1957,1392,1392,6,458,0,2008,166000,0
832,3180,5,2005,2005,600,1200,4,480,0,2006,151000,0
833,9548,6,2003,2003,941,1829,7,613,0,2010,237000,0
834,10004,6,1964,1964,1516,1516,6,472,0,2009,167000,0
835,7875,6,1961,1961,1144,1144,6,456,0,2008,139950,0
836,9600,7,1950,1995,1067,1067,4,436,0,2010,128000,0
837,8100,6,1948,1973,1559,1559,5,812,0,2007,153500,0
838,1680,5,1973,1973,483,987,5,264,0,2008,100000,0
839,9525,6,1995,2006,1099,1099,6,352,0,2008,144000,0
840,11767,6,1946,1995,768,1200,6,240,0,2008,130500,0
841,12155,8,1925,1950,672,1482,7,400,0,2008,140000,0
842,10440,8,1904,2002,650,1539,8,686,0,2008,157500,0
843,9020,7,1966,1966,1127,1165,6,490,0,2008,174900,0
844,8000,4,1961,1961,1800,1800,10,0,0,2007,141000,0
845,12665,8,1915,1950,876,1416,7,720,0,2008,153900,0
846,16647,5,1975,1981,1390,1701,6,611,0,2007,171000,0
847,9317,5,1993,1993,740,1775,7,425,0,2009,213000,0
848,15523,6,1972,1972,864,864,5,338,0,2009,133500,0
849,45600,8,1908,1997,907,2358,10,360,0,2008,240000,0
850,9600,7,1976,1994,528,1855,7,512,0,2007,187000,0
851,4435,5,2003,2003,848,848,3,420,0,2007,131500,0
852,3196,5,2003,2003,1273,1456,7,400,0,2006,215000,0
853,7128,5,1941,1950,918,1646,7,240,0,2007,164000,0
854,12095,6,1964,1964,1127,1445,7,645,0,2009,158000,0
855,17920,4,1955,1974,1763,1779,6,454,0,2006,170000,0
856,6897,8,1962,2010,1040,1040,6,260,0,2010,127000,0
857,10970,6,1978,1978,940,1026,5,576,0,2008,147000,0
858,8125,5,1994,1995,702,1481,6,343,0,2009,174000,0
859,10400,5,1976,1976,1090,1370,6,479,0,2009,152000,0
860,11029,7,1968,1984,1054,2654,9,619,0,2006,250000,1
861,7642,8,1918,1998,912,1426,7,216,0,2007,189950,0
862,11625,4,1965,1965,1039,1039,6,504,0,2010,131500,0
863,9672,5,1984,1985,1040,1097,6,480,0,2010,152000,0
864,7931,5,1959,1959,1148,1148,6,672,0,2009,132500,0
865,8640,5,2007,2008,1372,1372,6,529,0,2008,250580,1
866,8750,6,1970,1970,1002,1002,5,902,0,2009,148500,0
867,10656,5,2006,2007,1638,1646,6,870,0,2007,248900,1
868,6970,5,1961,1961,1040,1120,5,544,400,2007,129000,0
869,14762,6,1948,1950,0,2320,7,672,0,2006,169000,0
870,9938,5,1993,1994,1050,1949,8,574,0,2010,236000,0
871,6600,5,1962,1962,894,894,5,308,0,2009,109500,0
872,8750,5,1998,1998,804,1682,7,523,0,2010,200500,0
873,8892,7,1953,1996,105,910,5,414,0,2008,116000,0
874,12144,7,1949,1950,832,1268,6,288,0,2009,133000,0
875,5720,6,1941,1950,676,1131,5,200,0,2009,66500,0
876,9000,5,2007,2007,1184,2610,11,550,0,2007,303477,1
877,25286,5,1963,1963,1064,1040,5,648,0,2007,132250,0
878,8834,5,2004,2005,1462,2224,10,738,0,2009,350000,1
879,11782,7,1961,1995,1109,1155,6,576,400,2010,148000,0
880,7000,8,1978,2005,864,864,6,336,0,2009,136500,0
881,7024,5,2005,2006,1090,1090,5,450,0,2007,157000,0
882,13758,5,1990,1991,1156,1717,7,400,0,2007,187500,0
883,9636,5,1992,1993,808,1593,7,389,0,2009,178000,0
884,6204,5,1912,1950,795,2230,10,440,0,2006,118500,0
885,7150,5,1967,1967,892,892,5,288,0,2009,100000,0
886,5119,5,1999,2000,1698,1709,5,506,0,2008,328900,1
887,8393,5,1959,2005,1626,1712,8,588,0,2006,145000,0
888,16466,7,1955,1955,816,1393,8,300,0,2008,135500,0
889,15865,6,1970,1970,2217,2217,8,621,0,2007,268000,1
890,12160,4,1953,1953,1505,1505,6,505,0,2009,149500,0
891,8064,7,1949,2006,672,924,6,576,2000,2007,122900,0
892,11184,5,1978,1978,918,1683,7,440,0,2009,172500,0
893,8414,8,1963,2003,1059,1068,6,264,0,2006,154500,0
894,13284,5,1954,1954,1383,1383,6,354,0,2008,165000,0
895,7018,5,1979,1979,0,1535,8,400,0,2009,118858,0
896,7056,5,1963,1963,780,1796,8,483,0,2008,140000,0
897,8765,6,1936,1950,951,951,6,327,0,2006,106500,0
898,7018,5,1979,1979,0,2240,12,528,0,2009,142953,0
899,12919,5,2009,2010,2330,2364,11,820,0,2010,611657,1
900,6993,7,1961,1994,912,1236,6,288,0,2006,135000,0
901,7340,6,1971,1971,858,858,4,684,0,2007,110000,0
902,8712,7,1957,2000,992,1306,5,756,0,2009,153000,0
903,7875,5,2003,2003,783,1509,8,393,0,2006,180000,0
904,14859,5,2006,2006,1670,1670,7,690,0,2006,240000,0
905,6173,6,1967,1967,876,902,6,288,0,2007,125500,0
906,9920,5,1954,1954,1056,1063,6,280,0,2010,128000,0
907,13501,5,2006,2006,1623,1636,8,865,0,2007,255000,1
908,11500,7,1936,1987,1017,2057,6,180,0,2006,250000,1
909,8885,5,1983,1983,864,902,5,484,0,2006,131000,0
910,12589,5,2005,2005,742,1484,8,390,0,2009,174000,0
911,11600,5,1960,1960,1105,2274,12,480,0,2010,154300,0
912,9286,7,1977,1989,1268,1268,5,252,0,2009,143500,0
913,6120,7,1925,1950,768,1015,6,450,620,2006,88000,0
914,6270,6,1949,1950,1001,2002,8,871,0,2007,145000,0
915,3000,5,2009,2009,612,1224,4,528,0,2009,173733,0
916,2001,5,1970,1970,546,1092,6,286,0,2007,75000,0
917,9000,3,1949,1950,480,480,4,308,0,2006,35311,0
918,17140,6,1956,1956,1134,1229,6,284,0,2009,135000,0
919,13125,5,1991,1991,1104,2127,8,833,0,2007,238000,0
920,11029,8,1958,2002,1184,1414,6,601,0,2008,176500,0
921,8462,5,1994,1994,928,1721,7,471,0,2007,201000,0
922,8777,7,1900,2003,1272,2200,9,0,0,2008,145900,0
923,10237,5,2005,2006,1316,1316,6,397,0,2006,169990,0
924,8012,5,1993,1994,1604,1617,5,533,0,2008,193000,0
925,10240,6,1980,1980,1686,1686,7,612,0,2006,207500,0
926,15611,6,1977,1977,1126,1126,6,540,0,2008,175000,0
927,11999,5,2003,2004,1181,2374,10,656,0,2007,285000,1
928,9900,5,1968,1968,832,1978,9,486,0,2008,176000,0
929,11838,5,2001,2001,1753,1788,7,522,0,2009,236500,0
930,13006,5,1997,1997,964,2236,8,642,0,2006,222000,0
931,8925,5,2007,2007,1466,1466,7,610,0,2009,201000,0
932,9100,6,1965,1965,925,925,5,429,0,2009,117500,0
933,11670,5,2006,2006,1905,1905,8,788,0,2007,320000,1
934,8487,5,2004,2004,1500,1500,6,570,0,2009,190000,0
935,27650,7,1960,2007,585,2069,9,505,0,2008,242000,0
936,5825,5,1926,1953,600,747,5,528,0,2006,79900,0
937,10083,5,2003,2003,1176,1200,5,555,0,2009,184900,0
938,9675,5,2005,2005,1113,1971,8,689,0,2009,253000,1
939,8760,5,2006,2006,1391,1962,7,868,0,2006,239799,0
940,24090,7,1940,1950,1032,2403,10,349,0,2010,244400,0
941,12640,5,1976,1976,1728,1728,8,574,0,2006,150900,0
942,8755,5,1999,1999,992,2060,8,390,0,2009,214000,0
943,7711,3,1977,1977,1440,1440,8,0,0,2007,150000,0
944,25000,4,1967,1967,1632,1632,8,576,0,2007,143000,0
945,14375,6,1958,1958,819,1344,7,525,0,2009,137500,0
946,8820,6,1890,1996,1088,1869,7,456,0,2009,124900,0
947,8163,6,1959,1959,1144,1144,6,796,0,2006,143000,0
948,14536,5,2002,2003,1616,1629,9,808,0,2007,270000,1
949,14006,5,2002,2002,936,1776,7,474,0,2006,192500,0
950,9360,7,1972,2006,1161,1381,5,676,0,2010,197500,0
951,7200,8,1950,2002,864,864,5,720,0,2007,129000,0
952,7800,5,1965,1965,828,965,6,300,0,2006,119900,0
953,7200,8,1972,2003,768,768,5,396,0,2009,133900,0
954,11075,4,1969,1969,784,1968,7,530,400,2008,172000,0
955,9400,5,1975,1975,945,980,4,0,0,2006,127500,0
956,7136,6,1946,1950,979,1958,8,492,0,2007,145000,0
957,1300,6,1980,1980,561,1229,5,462,0,2009,124000,0
958,7420,5,1962,1962,1057,1057,6,576,0,2007,132000,0
959,8450,5,2003,2003,1337,1337,6,531,0,2007,185000,0
960,2572,5,1999,1999,696,1416,6,484,0,2010,155000,0
961,7207,7,1958,2008,858,858,4,0,0,2010,116500,0
962,12227,7,1977,1995,1330,2872,11,619,0,2008,272000,1
963,2308,6,1976,1976,804,1548,7,440,0,2007,155000,0
964,11923,5,2007,2007,1800,1800,7,702,0,2009,239000,0
965,11316,5,2002,2003,817,1894,8,510,0,2010,214900,0
966,10237,5,2005,2007,783,1484,8,393,0,2007,178900,0
967,9600,7,1940,1950,728,1308,7,256,0,2009,160000,0
968,7390,7,1955,1955,1098,1098,6,260,0,2008,135000,0
969,5925,6,1910,1950,600,968,6,0,0,2009,37900,0
970,10382,5,1958,1958,588,1095,6,264,0,2006,140000,0
971,10800,4,1949,1950,720,1192,6,0,0,2006,135000,0
972,2268,5,2003,2004,764,1626,6,474,0,2009,173000,0
973,7892,5,1979,1979,918,918,5,264,0,2010,99500,0
974,11639,5,2007,2008,1428,1428,6,480,0,2008,182000,0
975,11414,8,1910,1993,728,2019,8,532,0,2009,167500,0
976,2651,5,2000,2000,673,1382,6,490,0,2006,165000,0
977,5900,7,1923,1958,440,869,4,0,0,2006,85500,0
978,4274,5,2006,2007,1241,1241,4,569,0,2007,199900,0
979,9450,5,1954,1954,894,894,5,400,0,2007,110000,0
980,8816,6,1963,1963,1121,1121,5,480,0,2009,139000,0
981,12122,9,1961,2007,944,999,6,588,0,2008,178400,0
982,12203,5,1998,1999,1225,2612,8,676,0,2009,336000,1
983,3182,5,2007,2007,1266,1266,6,388,0,2008,159895,0
984,11250,5,2002,2002,1128,2290,9,779,0,2008,255900,1
985,10125,5,1977,1977,0,1734,8,539,0,2009,126000,0
986,10880,5,1950,1950,1164,1164,5,240,0,2008,125000,0
987,5310,8,1910,2003,485,1635,5,255,0,2006,117000,0
988,10159,5,2009,2010,1930,1940,8,606,0,2010,395192,1
989,12046,6,1976,1976,848,2030,8,551,0,2007,195000,0
990,8125,5,2006,2006,770,1576,6,614,0,2006,197000,0
991,9452,5,1997,1998,1396,2392,7,870,0,2006,348000,1
992,17671,9,1882,1986,916,1742,8,424,0,2009,168000,0
993,9760,8,1964,1993,822,1851,7,440,0,2007,187000,0
994,8846,5,2005,2006,750,1500,6,564,0,2006,173900,0
995,12456,5,2006,2007,1700,1718,7,786,0,2009,337500,1
996,4712,7,1946,1950,747,1230,5,305,0,2006,121600,0
997,10659,6,1961,1961,1050,1050,6,368,0,2006,136500,0
998,11717,6,1970,1970,1442,1442,6,615,0,2009,185000,0
999,9786,4,1922,1950,1007,1077,6,210,0,2006,91000,0
1000,6762,5,2006,2006,1187,1208,6,632,0,2010,206000,0
1001,10206,3,1952,1952,0,944,4,528,0,2009,82000,0
1002,5400,6,1920,1950,691,691,4,216,0,2007,86000,0
1003,11957,5,2006,2006,1574,1574,7,824,0,2008,232000,0
1004,11500,6,1976,1976,1680,1680,8,528,0,2007,136905,0
1005,3182,5,2005,2006,1346,1504,7,457,0,2009,181000,0
1006,8385,8,1977,1977,985,985,6,328,0,2008,149900,0
1007,12155,3,1970,1970,1657,1657,7,484,0,2007,163500,0
1008,2217,4,1970,1970,546,1092,6,286,0,2009,88000,0
1009,12118,5,2004,2005,1710,1710,7,550,0,2009,240000,0
1010,6000,5,1926,1950,1008,1522,7,0,0,2006,102000,0
1011,21286,5,1948,1950,720,1271,7,312,0,2008,135000,0
1012,9825,5,1965,1965,0,1664,8,0,0,2010,100000,0
1013,10592,7,1923,1996,602,1502,7,180,0,2007,165000,0
1014,7200,4,1910,2006,1022,1022,4,280,0,2009,85000,0
1015,11664,5,1948,1950,1082,1082,5,240,0,2007,119200,0
1016,8400,6,2001,2001,810,1665,6,528,0,2009,227000,0
1017,11883,5,1996,1996,1504,1504,6,478,0,2009,203000,0
1018,5814,5,1984,1984,1220,1360,4,565,0,2009,187500,0
1019,10784,5,1991,1992,384,1472,7,402,0,2007,160000,0
1020,3013,5,2005,2005,1362,1506,6,440,0,2006,213490,0
1021,7024,5,2005,2005,1132,1132,5,451,0,2008,176000,0
1022,7406,5,2006,2006,1199,1220,6,632,0,2006,194000,0
1023,9439,5,1930,1950,912,1248,6,160,0,2007,87000,0
1024,3182,5,2005,2006,1346,1504,7,437,0,2008,191000,0
1025,15498,6,1976,1976,1565,2898,10,665,0,2008,287000,1
1026,7700,5,1972,1972,882,882,5,461,0,2007,112500,0
1027,9300,5,1960,1960,1268,1264,6,461,0,2010,167500,0
1028,9520,5,2007,2008,1638,1646,7,800,0,2008,293077,1
1029,9492,5,1941,1950,768,1376,6,240,0,2007,105000,0
1030,1680,7,1972,1972,672,1218,7,264,0,2006,118000,0
1031,7082,8,1916,1995,686,1928,10,0,0,2006,160000,0
1032,15863,3,1920,1970,824,3082,12,672,0,2009,197000,0
1033,14541,7,1993,1993,1338,2520,10,796,0,2006,310000,1
1034,8125,5,2002,2002,1654,1654,6,900,0,2006,230000,0
1035,6305,7,1938,1950,920,954,5,240,0,2007,119750,0
1036,11500,3,1957,1957,0,845,5,290,0,2009,84000,0
1037,12898,5,2007,2008,1620,1620,6,912,0,2009,315500,1
1038,9240,5,2001,2002,1055,2263,7,905,0,2008,287000,1
1039,1533,6,1970,2008,546,1344,6,0,0,2009,97000,0
1040,1477,4,1970,1970,630,630,3,286,0,2009,80000,0
1041,13125,4,1957,2000,1134,1803,8,484,0,2006,155000,0
1042,9130,8,1966,2000,800,1632,7,484,0,2008,173000,0
1043,5381,5,2005,2005,1306,1306,5,624,0,2009,196000,0
1044,11839,5,1990,1990,1475,2329,10,514,0,2008,262280,1
1045,9600,5,1981,1981,2524,2524,9,542,0,2009,278000,1
1046,13680,5,1955,1955,0,1733,8,452,0,2009,139600,0
1047,16056,5,2005,2006,1992,2868,11,716,0,2006,556581,1
1048,9245,5,1994,1995,990,990,5,672,0,2008,145000,0
1049,21750,4,1960,2006,0,1771,9,336,0,2009,115000,0
1050,11100,7,1946,2006,0,930,6,308,0,2010,84900,0
1051,8993,5,2007,2007,1302,1302,6,436,0,2007,176485,0
1052,11175,5,2007,2007,1316,1316,6,440,0,2007,200141,0
1053,9500,6,1964,1978,816,1977,9,540,0,2007,165000,0
1054,8562,6,1957,2002,1216,1526,7,364,0,2010,144500,0
1055,11367,5,2002,2002,1065,1989,7,586,0,2006,255000,1
1056,11361,5,1976,1976,1193,1523,7,478,0,2008,180000,0
1057,7052,5,2005,2005,1364,1364,6,484,0,2006,185850,0
1058,29959,6,1994,1994,973,1850,7,467,0,2009,248000,1
1059,11308,5,2008,2008,1104,2184,10,836,0,2009,335000,1
1060,11275,7,1932,1950,854,1991,7,432,0,2007,220000,0
1061,4920,5,2001,2001,1338,1338,6,582,0,2010,213500,0
1062,18000,4,1935,1950,894,894,6,1248,560,2008,81000,0
1063,13600,5,1900,1950,662,2337,10,560,0,2007,90000,0
1064,6000,6,1925,1980,1103,1103,5,440,0,2006,110500,0
1065,11000,6,1966,1966,1154,1154,6,480,0,2009,154000,0
1066,14000,5,1996,1997,1306,2260,7,533,0,2010,328000,1
1067,7837,7,1993,1994,799,1571,7,380,0,2009,178000,0
1068,9760,6,1964,1964,780,1611,7,442,0,2008,167900,0
1069,3964,4,1973,1973,942,2521,10,576,0,2006,151400,0
1070,9600,7,1949,2003,845,893,4,576,0,2007,135000,0
1071,10152,5,1956,1956,1048,1048,6,286,0,2007,135000,0
1072,11700,6,1968,1968,727,1556,8,441,0,2009,154000,0
1073,7585,3,1948,1950,810,1456,7,280,0,2006,91500,0
1074,7950,6,1977,1977,690,1426,6,440,0,2009,159500,0
1075,8556,5,2006,2006,1240,1240,5,826,0,2007,194000,0
1076,13125,6,1940,1984,800,1740,6,240,0,2007,219500,0
1077,10800,8,1936,1989,796,1466,7,566,500,2006,170000,0
1078,15870,5,1969,1969,1096,1096,6,299,0,2006,138800,0
1079,4435,5,2004,2004,848,848,3,420,0,2006,155900,0
1080,8775,5,1994,1994,990,990,5,299,0,2007,126000,0
1081,11040,7,1971,2004,1258,1258,5,528,0,2008,145000,0
1082,7500,5,1963,1963,1040,1040,5,308,0,2010,133000,0
1083,8749,5,2002,2002,1459,1459,6,527,0,2007,192000,0
1084,8800,6,1964,1964,1251,1251,6,461,700,2006,160000,0
1085,13031,5,1995,1996,691,1498,6,409,0,2006,187500,0
1086,9069,6,1992,1992,936,996,5,564,0,2010,147000,0
1087,1974,5,1973,1973,546,1092,6,286,0,2010,83500,0
1088,10574,5,2005,2006,1082,1953,9,1043,0,2009,252000,1
1089,2522,5,2004,2004,970,1709,7,380,0,2006,137500,0
1090,3316,5,2005,2005,1247,1247,4,550,0,2006,197000,0
1091,8544,4,1950,1950,0,1040,6,400,0,2009,92900,0
1092,2160,5,1999,2000,600,1252,4,462,0,2008,160000,0
1093,8400,5,1925,1950,1181,1694,7,576,0,2008,136500,0
1094,9230,8,1965,1998,864,1200,6,884,0,2006,146000,0
1095,5868,7,1956,2000,936,936,4,308,0,2010,129000,0
1096,9317,5,2006,2006,1314,1314,6,440,0,2007,176432,0
1097,6882,7,1914,2006,684,1355,7,0,0,2007,127000,0
1098,3696,5,1986,1986,1074,1088,5,461,0,2007,170000,0
1099,6000,6,1936,1950,672,1324,6,240,0,2009,128000,0
1100,11880,5,1978,1978,1271,1601,7,478,0,2009,157000,0
1101,8400,5,1920,1950,290,438,3,246,0,2009,60000,0
1102,9758,5,1971,1971,950,950,5,280,0,2007,119500,0
1103,7000,7,1960,2002,1010,1134,6,254,0,2007,135000,0
1104,8910,6,1959,1959,655,1194,6,539,0,2006,159500,0
1105,2016,5,1970,1970,630,1302,6,440,0,2007,106000,0
1106,12256,5,1994,1995,1463,2622,9,712,0,2010,325000,1
1107,10357,5,1990,1991,910,1442,6,719,0,2007,179900,0
1108,23257,5,2006,2006,868,2021,9,422,0,2006,274725,1
1109,8063,5,2000,2000,924,1690,7,463,0,2007,181000,0
1110,11362,5,2004,2005,1836,1836,7,862,0,2009,280000,1
1111,8000,5,1995,1996,773,1658,8,431,0,2008,188000,0
1112,10480,6,1976,1976,803,1964,8,483,0,2008,205000,0
1113,7100,7,1957,1957,816,816,5,308,0,2006,129900,0
1114,8923,7,1953,2006,1008,1008,6,240,0,2007,134500,0
1115,5400,7,1954,2000,833,833,4,326,0,2006,117000,0
1116,12085,5,2007,2007,1734,1734,7,928,0,2007,318000,1
1117,7750,5,2002,2002,408,1419,7,527,0,2009,184100,0
1118,9764,7,1967,2003,894,894,5,450,0,2008,130000,0
1119,13825,6,1958,1987,533,1601,6,300,0,2008,140000,0
1120,7560,5,1959,1959,1040,1040,6,286,0,2006,133700,0
1121,8263,5,1920,1950,1012,1012,6,308,0,2007,118400,0
1122,10084,5,2005,2006,1552,1552,7,782,0,2006,212900,0
1123,8926,3,1956,1956,672,960,5,288,0,2009,112000,0
1124,9405,9,1947,2008,698,698,4,0,0,2009,118000,0
1125,9125,5,1992,1992,384,1482,7,392,0,2007,163900,0
1126,10434,5,1955,1955,1005,1005,5,672,0,2009,115000,0
1127,3684,5,2007,2007,1373,1555,7,660,0,2009,174000,0
1128,14572,5,2004,2004,1530,1530,7,630,0,2007,259000,1
1129,11796,5,2004,2005,847,1959,8,434,0,2007,215000,0
1130,7200,5,1980,1980,936,936,4,672,0,2007,140000,0
1131,7804,3,1928,1950,1122,1981,7,576,0,2009,135000,0
1132,10712,5,1991,1992,974,974,5,0,0,2007,93500,0
1133,9900,4,1880,1950,1008,2210,8,205,0,2007,117500,0
1134,9828,5,1995,1995,1128,2020,8,466,0,2009,239500,0
1135,8773,5,1997,1997,916,1600,7,460,0,2007,169000,0
1136,6180,5,1926,1950,960,986,5,180,0,2007,102000,0
1137,9600,5,1950,1950,1032,1252,6,288,0,2008,119000,0
1138,6342,8,1875,1996,780,1020,6,0,0,2010,94000,0
1139,9819,5,1977,1977,1567,1567,5,714,0,2009,196000,0
1140,8731,5,1920,1950,915,1167,6,495,0,2007,144000,0
1141,7350,7,1951,1951,952,952,4,840,0,2008,139000,0
1142,10304,7,1976,1976,780,1868,9,484,0,2009,197500,0
1143,9965,5,2006,2007,1466,2828,11,1052,0,2007,424870,1
1144,9000,3,1959,1959,1006,1006,5,0,0,2008,80000,0
1145,12180,4,1941,1950,672,924,5,280,0,2010,80000,0
1146,6240,6,1928,1950,1042,1576,8,225,0,2006,149000,0
1147,11200,5,1985,1985,1298,1298,5,403,0,2006,180000,0
1148,12000,7,1941,1950,704,1564,7,234,0,2009,174500,0
1149,5700,7,1926,1950,572,1111,5,288,0,2008,116900,0
1150,9000,9,1920,1988,650,1482,7,324,0,2009,143000,0
1151,8280,5,1950,1950,932,932,4,306,0,2007,124000,0
1152,17755,4,1959,1959,1466,1466,6,528,0,2006,149900,0
1153,14115,7,1956,2004,1073,1811,6,470,0,2006,230000,0
1154,5890,8,1930,2007,816,816,5,432,0,2008,120500,0
1155,13700,6,1965,1988,864,1820,8,492,0,2008,201800,0
1156,10768,8,1976,2004,1437,1437,6,528,0,2007,218000,0
1157,9350,8,1965,1999,1219,1265,6,502,0,2008,179900,0
1158,5001,5,2007,2008,1314,1314,6,626,0,2009,230000,0
1159,11932,5,2007,2008,1580,1580,7,830,0,2008,235128,0
1160,9120,6,1974,1974,901,1876,8,540,0,2008,185000,0
1161,2280,5,1978,1978,855,1456,7,440,0,2010,146000,0
1162,14778,7,1954,2006,1296,1640,7,924,0,2008,224000,0
1163,8724,5,1968,1968,894,894,5,450,0,2007,129000,0
1164,12900,4,1969,1969,1198,1258,6,400,0,2008,108959,0
1165,16157,7,1978,1978,1360,1432,5,588,0,2007,194000,0
1166,9541,5,2009,2009,1502,1502,7,644,0,2009,233170,0
1167,10475,5,2008,2008,1694,1694,7,776,0,2010,245350,0
1168,10852,5,2000,2000,959,1671,7,472,0,2006,173000,0
1169,13728,7,1935,1986,1127,2108,7,540,0,2008,235000,0
1170,35760,5,1995,1996,1930,3627,10,807,0,2006,625000,1
1171,9880,6,1977,1977,1096,1118,6,358,0,2008,171000,0
1172,9120,6,1958,1958,1261,1261,6,433,1400,2008,163000,0
1173,4017,5,2006,2007,625,1250,5,625,0,2008,171900,0
1174,18030,6,1946,1994,1598,3086,12,0,0,2007,200500,0
1175,16560,8,1932,1950,952,2345,9,360,0,2006,239000,0
1176,10678,5,1992,2000,1683,2872,9,541,0,2007,285000,1
1177,6951,5,1984,1985,876,923,5,264,0,2008,119500,0
1178,3950,8,1926,2004,818,1224,5,210,0,2009,115000,0
1179,7681,6,1921,1950,731,1343,7,186,0,2009,154900,0
1180,8335,5,1954,1954,0,1124,5,0,0,2006,93000,0
1181,11170,5,1990,1991,1216,2514,8,693,0,2006,250000,1
1182,5587,5,2008,2008,1600,1652,5,482,0,2008,392500,1
1183,15623,5,1996,1996,2396,4476,10,813,0,2007,745000,1
1184,10800,6,1920,1950,1120,1130,5,720,0,2006,120000,0
1185,35133,4,1963,1963,1572,1572,5,995,0,2007,186700,0
1186,9738,7,1924,1950,784,1221,7,392,0,2006,104900,0
1187,10615,5,1900,1970,978,1699,7,420,0,2009,95000,0
1188,12461,5,1994,1995,1624,1624,5,757,0,2006,262000,1
1189,8935,5,2002,2002,831,1660,7,493,0,2009,195000,0
1190,7500,5,1999,1999,994,1804,7,442,0,2010,189000,0
1191,32463,4,1961,1975,1249,1622,7,1356,0,2007,168000,0
1192,2645,5,1999,2000,776,1441,5,492,0,2007,174000,0
1193,9600,8,1925,1994,702,1472,6,250,0,2007,125000,0
1194,4500,5,1999,1999,1224,1224,5,402,0,2009,165000,0
1195,9364,7,1969,1969,663,1352,7,299,0,2010,158000,0
1196,8029,5,2005,2005,728,1456,8,400,0,2008,176000,0
1197,14054,5,2006,2006,879,1863,9,660,0,2006,219210,0
1198,8850,6,1916,1950,815,1690,7,225,0,2006,144000,0
1199,9100,5,2001,2001,1212,1212,6,573,0,2009,178000,0
1200,11235,5,1963,1979,1051,1382,6,459,0,2006,148000,0
1201,9353,5,1970,1970,864,864,5,280,0,2006,116050,0
1202,10400,5,1998,1998,866,1779,6,546,0,2009,197900,0
1203,6000,8,1925,1997,884,1348,5,216,0,2009,117000,0
1204,9750,5,2000,2001,1630,1630,6,451,0,2009,213000,0
1205,10140,6,1975,1975,1056,1074,6,495,0,2006,153500,0
1206,14684,7,1990,1991,2158,2196,7,701,0,2009,271900,1
1207,8900,4,1966,1966,1056,1056,5,384,0,2006,107000,0
1208,9135,5,2003,2003,1682,1700,7,544,0,2006,200000,0
1209,7763,7,1962,1980,931,1283,6,506,0,2008,140000,0
1210,10182,5,2006,2006,1660,1660,8,500,0,2006,290000,1
1211,11218,5,1992,1992,1055,1845,8,462,400,2010,189000,0
1212,12134,7,1988,2005,559,1752,8,492,0,2010,164000,0
1213,9340,6,1941,1950,672,672,4,234,0,2009,113000,0
1214,10246,9,1965,2001,648,960,3,364,0,2006,145000,0
1215,10205,5,1962,1962,925,999,6,300,0,2006,134500,0
1216,7094,5,1966,1966,894,894,5,384,0,2007,125000,0
1217,8930,5,1978,1978,0,1902,8,539,0,2010,112000,0
1218,8640,5,2009,2009,1300,1314,6,552,0,2009,229456,0
1219,6240,5,1947,1950,0,912,3,0,0,2006,80500,0
1220,1680,5,1971,1971,672,1218,7,0,0,2006,91500,0
1221,7800,5,1964,1964,912,912,5,288,0,2006,115000,0
1222,8250,5,1968,1968,952,1211,5,322,0,2008,134000,0
1223,10496,6,1949,1950,1040,1846,7,315,0,2007,143000,0
1224,10680,3,1951,1951,2136,2136,7,528,0,2006,137900,0
1225,15384,5,2004,2005,788,1490,8,388,0,2008,184000,0
1226,10482,8,1958,1958,588,1138,6,264,0,2007,145000,0
1227,14598,5,2007,2007,894,1933,9,668,0,2008,214000,0
1228,8872,8,1965,2008,912,912,5,576,0,2008,147000,0
1229,8769,5,2008,2008,1702,1702,7,1052,0,2008,367294,1
1230,7910,5,1960,1960,1075,1507,7,404,0,2008,127000,0
1231,18890,5,1977,1977,1361,2620,12,600,8300,2007,190000,0
1232,7728,6,1962,1962,1106,1190,6,540,0,2006,132500,0
1233,9842,5,1962,1962,0,1224,6,462,0,2007,101800,0
1234,12160,5,1959,1959,1188,1188,6,531,0,2010,142000,0
1235,8525,6,1911,1950,940,1964,7,0,0,2008,130000,0
1236,13132,5,1914,1950,747,1784,9,180,0,2006,138887,0
1237,2628,5,2003,2003,764,1626,6,474,0,2010,175500,0
1238,12393,5,2004,2005,847,1948,8,434,0,2006,195000,0
1239,13072,5,2005,2005,1141,1141,6,484,0,2006,142500,0
1240,9037,5,2006,2006,1476,1484,6,472,0,2007,265900,1
1241,8158,5,2003,2003,884,1768,8,543,0,2008,224900,0
1242,9849,6,2007,2007,1689,1689,7,954,0,2007,248328,1
1243,10625,6,1974,1974,1053,1173,6,528,0,2010,170000,0
1244,13891,5,2006,2006,2076,2076,7,850,0,2006,465000,1
1245,11435,7,1929,1950,792,1517,7,400,0,2006,230000,0
1246,12090,7,1984,2003,585,1868,7,477,0,2007,178000,0
1247,8125,5,2005,2006,756,1553,6,615,0,2006,186500,0
1248,12328,5,1976,1976,1012,1034,6,888,0,2010,169900,0
1249,9600,5,1917,1950,735,2058,8,396,0,2008,129500,0
1250,7200,7,1950,1950,876,988,6,276,0,2007,119000,0
1251,11160,5,1968,1968,2110,2110,8,522,0,2010,244000,0
1252,3136,5,2003,2003,1405,1405,6,478,0,2006,171750,0
1253,9858,6,1968,1968,864,874,5,288,600,2009,130000,0
1254,17542,7,1974,2003,1192,2167,9,518,0,2007,294000,1
1255,6931,5,2003,2004,746,1656,7,397,0,2008,165400,0
1256,6240,6,1931,1950,884,1367,6,560,0,2007,127500,0
1257,14303,5,1994,1994,1986,1987,7,691,0,2008,301500,1
1258,4060,8,1922,1950,864,864,4,0,0,2009,99900,0
1259,9587,5,2005,2005,856,1166,5,400,0,2008,190000,0
1260,9750,8,1969,1969,1054,1054,6,460,0,2008,151000,0
1261,24682,5,1999,1999,841,1675,7,502,0,2009,181000,0
1262,9600,6,1956,1956,1050,1050,5,338,0,2009,128900,0
1263,11250,5,1957,1989,1104,1788,8,304,0,2009,161500,0
1264,13515,6,1919,1950,764,1824,8,520,0,2007,180500,0
1265,4060,5,1998,1999,1405,1337,5,511,0,2008,181000,0
1266,3735,5,1999,1999,691,1452,6,506,0,2006,183900,0
1267,10120,4,1910,1950,925,1889,9,308,0,2007,122000,0
1268,13214,5,2008,2009,2002,2018,10,746,0,2010,378500,1
1269,14100,9,1935,1997,728,3447,11,1014,0,2008,381000,1
1270,11344,5,1958,1958,874,1524,7,315,0,2007,144000,0
1271,23595,6,1979,1979,1332,1524,4,586,0,2010,260000,1
1272,9156,7,1968,1968,1489,1489,7,462,0,2009,185750,0
1273,13526,6,1965,1965,935,935,5,288,0,2006,137000,0
1274,11512,7,1959,2006,1019,1357,5,312,0,2008,177000,0
1275,5362,6,1910,2003,661,1250,8,552,0,2007,139000,0
1276,11345,5,1948,1950,928,1920,10,400,0,2007,137000,0
1277,12936,6,1972,1972,723,1395,6,497,0,2009,162000,0
1278,17871,5,1967,1976,1680,1724,7,480,0,2009,197900,0
1279,9473,5,2002,2002,1128,2031,7,577,0,2008,237000,0
1280,7500,4,1920,1950,698,1128,6,528,0,2010,68400,0
1281,9808,5,2002,2002,1573,1573,6,544,0,2009,227000,0
1282,8049,5,1990,1990,1309,1339,6,484,0,2006,180000,0
1283,8800,7,1977,2008,1040,1040,5,484,0,2009,150500,0
1284,9400,5,1971,1971,912,1824,8,0,0,2010,139000,0
1285,9638,7,1919,1990,804,2447,10,336,0,2010,169000,0
1286,6000,6,1939,1950,780,1412,6,280,0,2009,132500,0
1287,9790,5,1963,1963,1328,1328,6,528,0,2010,143000,0
1288,36500,5,1964,1964,1624,1582,7,390,0,2006,190000,0
1289,5664,5,2000,2000,1501,1659,5,499,0,2009,278000,1
1290,11065,5,2006,2006,1085,1970,8,753,0,2006,281000,1
1291,14112,7,1964,1964,1152,1152,6,484,0,2010,180500,0
1292,1680,7,1972,1972,630,1302,6,264,0,2009,119500,0
1293,6600,4,1892,1965,994,2372,11,432,0,2009,107500,0
1294,10140,5,1976,1976,832,1664,8,528,0,2006,162900,0
1295,8172,7,1955,1990,864,864,5,572,0,2006,115000,0
1296,8400,5,1968,1968,1052,1052,5,288,0,2006,138500,0
1297,8700,6,1963,1963,1120,1128,6,525,0,2008,155000,0
1298,3675,5,2005,2006,547,1072,5,525,0,2006,140000,0
1299,63887,5,2008,2008,6110,5642,12,1418,0,2008,160000,0
1300,7500,7,1959,1994,1246,1246,6,305,0,2010,154000,0
1301,10762,5,1999,1999,978,1983,9,490,0,2009,225000,0
1302,7500,7,1942,1950,771,1494,7,213,0,2009,177500,0
1303,10120,5,1994,1994,1165,2526,8,844,0,2006,290000,1
1304,8688,5,2005,2005,1616,1616,7,834,0,2006,232000,0
1305,3363,5,2004,2004,976,1708,7,380,0,2006,130000,0
1306,13173,5,2006,2007,1652,1652,6,840,0,2009,325000,1
1307,6955,5,2005,2006,1368,1368,6,474,0,2006,202500,0
1308,8072,5,1994,1995,990,990,5,480,0,2009,138000,0
1309,12000,7,1948,2005,924,1122,6,528,0,2008,147000,0
1310,7153,5,1991,1991,1278,1294,6,496,0,2008,179200,0
1311,17500,8,1959,2002,1902,1902,7,567,0,2010,335000,1
1312,8814,5,2005,2007,1274,1274,6,508,0,2007,203000,0
1313,9572,5,1990,1990,1453,2810,9,750,0,2007,302000,1
1314,14774,5,1999,1999,1393,2599,10,779,0,2010,333168,1
1315,8190,6,1954,1954,948,948,5,280,0,2007,119000,0
1316,11075,5,1969,1969,952,2112,9,576,0,2008,206900,0
1317,10226,5,2008,2008,1622,1630,8,860,0,2009,295493,1
1318,4230,5,2006,2007,1352,1352,5,466,0,2007,208900,0
1319,14781,5,2001,2002,1753,1787,7,748,0,2006,275000,1
1320,10215,5,1954,1954,864,948,5,248,0,2007,111000,0
1321,8400,3,1957,1957,1478,1478,6,442,0,2009,156500,0
1322,6627,6,1949,1950,0,720,4,287,0,2008,72500,0
1323,10186,5,1992,1992,750,1923,8,564,0,2010,190000,0
1324,5330,7,1940,1950,420,708,5,0,0,2009,82500,0
1325,9986,5,2006,2007,1795,1795,7,895,0,2007,147000,0
1326,3636,4,1922,1950,796,796,5,0,0,2008,55000,0
1327,4270,6,1931,2006,544,774,6,0,0,2007,79000,0
1328,6600,9,1982,2008,816,816,5,264,0,2008,130500,0
1329,10440,7,1920,1950,1510,2792,8,520,1150,2008,256000,1
1330,9084,5,1998,1998,935,1632,8,462,0,2006,176500,0
1331,10000,5,2006,2006,1588,1588,7,825,0,2007,227000,0
1332,10780,5,1976,1976,911,954,6,576,0,2006,132500,0
1333,8877,6,1938,1958,816,816,3,288,0,2009,100000,0
1334,7200,6,1938,1995,803,1360,6,297,0,2006,125500,0
1335,2368,6,1970,1970,765,1365,7,440,0,2009,125000,0
1336,9650,5,1977,1977,1350,1334,6,630,0,2009,167900,0
1337,9246,5,1973,1973,1656,1656,8,506,0,2008,135000,0
1338,4118,4,1941,1950,693,693,4,0,0,2006,52500,0
1339,13450,5,2002,2002,916,1861,8,492,0,2006,200000,0
1340,9560,7,1972,1972,864,864,5,288,0,2006,128500,0
1341,8294,5,1971,1971,858,872,5,480,0,2007,123000,0
1342,13695,5,2003,2004,1114,1114,6,576,0,2008,155000,0
1343,9375,5,2002,2002,1284,2169,7,647,0,2007,228500,0
1344,7558,6,1928,1950,896,1913,9,342,0,2009,177000,0
1345,11103,5,2006,2006,728,1456,8,440,0,2007,155835,0
1346,6000,4,1920,1950,960,960,5,308,0,2007,108500,0
1347,20781,7,1968,2003,1568,2156,9,508,0,2006,262500,1
1348,15306,5,2006,2007,1732,1776,7,712,0,2007,283463,1
1349,16196,5,1998,1998,1482,1494,5,514,0,2007,215000,0
1350,5250,5,1872,1987,684,2358,8,0,0,2008,122000,0
1351,11643,5,1969,1969,1248,2634,12,968,0,2009,200000,0
1352,9247,6,1962,1962,858,1716,8,490,0,2008,171000,0
1353,6000,9,1937,2000,698,1176,4,624,0,2009,134900,0
1354,14720,5,1995,1996,2033,3238,9,666,0,2010,410000,1
1355,10316,5,2000,2000,992,1865,7,839,0,2008,235000,0
1356,10192,6,1968,1992,570,1920,8,487,0,2006,170000,0
1357,9477,5,1966,1966,864,892,5,264,0,2008,110000,0
1358,12537,6,1971,2008,1078,1078,6,500,0,2010,149900,0
1359,2117,5,2000,2000,756,1573,5,440,0,2010,177500,0
1360,16737,5,2004,2005,1980,1980,8,770,0,2006,315000,1
1361,9842,6,1921,1998,612,2601,8,621,0,2008,189000,0
1362,16158,5,2005,2005,1530,1530,7,430,0,2009,260000,1
1363,12513,4,1920,2007,715,1738,7,368,0,2009,104900,0
1364,8499,5,2006,2007,616,1412,6,432,0,2007,156932,0
1365,3180,5,2005,2005,600,1200,4,480,0,2006,144152,0
1366,7500,5,2000,2000,814,1674,7,663,0,2010,216000,0
1367,9179,5,1999,1999,873,1790,7,588,0,2008,193000,0
1368,2665,6,1977,1977,757,1475,6,336,0,2006,127000,0
1369,4435,5,2003,2004,848,848,4,420,0,2009,144000,0
1370,10635,5,2003,2003,1657,1668,8,502,0,2010,232000,0
1371,5400,6,1920,1950,840,1374,6,338,0,2009,105000,0
1372,9600,6,1955,1996,992,1661,8,377,0,2008,165500,0
1373,9750,6,1998,1998,1108,2097,8,583,0,2006,274300,1
1374,11400,5,2001,2002,2633,2633,8,804,0,2007,466500,1
1375,10625,5,2005,2005,1026,1958,9,936,0,2008,250000,1
1376,10991,5,2007,2007,1571,1571,7,722,0,2007,239000,0
1377,6292,5,1930,1950,768,790,4,160,0,2008,91000,0
1378,10998,5,1941,1960,984,1604,6,660,0,2009,117000,0
1379,1953,5,1973,1973,483,987,5,264,0,2006,83000,0
1380,9735,5,2006,2007,384,1394,7,400,0,2008,167500,0
1381,8212,3,1914,1950,864,864,5,200,0,2010,58500,0
1382,12925,7,1970,1970,1205,2117,7,550,0,2008,237500,0
1383,7200,7,1920,1950,596,1762,8,576,0,2006,157000,0
1384,25339,7,1918,2007,816,1416,7,576,0,2007,112000,0
1385,9060,5,1939,1950,560,1258,6,280,0,2009,105000,0
1386,5436,8,1922,2007,796,1154,7,240,0,2010,125500,0
1387,16692,5,1978,1978,1392,2784,12,564,2000,2006,250000,1
1388,8520,7,1916,1950,714,2526,10,216,0,2007,136000,0
1389,14892,5,2006,2007,1746,1746,7,758,0,2009,377500,1
1390,6000,6,1941,1950,735,1218,6,440,0,2007,131000,0
1391,9100,5,2000,2000,1525,1525,6,541,0,2006,235000,0
1392,8944,5,1967,1967,1584,1584,8,792,0,2009,124000,0
1393,7838,5,1967,1967,864,900,6,288,0,2006,123000,0
1394,10800,7,1905,2000,482,1912,7,672,0,2008,163000,0
1395,4045,5,2006,2006,1356,1500,6,648,0,2006,246578,0
1396,12665,5,2005,2006,1094,2482,9,642,0,2007,281213,1
1397,57200,5,1948,1950,747,1687,7,572,0,2010,160000,0
1398,6120,8,1920,2004,939,1513,8,180,0,2007,137500,0
1399,7200,4,1950,1982,1208,1904,7,240,0,2009,138000,0
1400,6171,6,1925,1990,976,1608,7,216,0,2009,137450,0
1401,6000,7,1929,1950,862,1158,5,208,0,2008,120000,0
1402,7415,5,2004,2004,839,1593,8,398,0,2008,193000,0
1403,6762,5,2006,2006,1286,1294,6,662,0,2006,193879,0
1404,15256,5,2007,2007,1485,1464,6,754,0,2007,282922,1
1405,10410,4,1915,1950,672,1214,6,936,0,2006,105000,0
1406,3842,5,2004,2005,1594,1646,5,482,0,2008,275000,1
1407,8445,7,1972,2007,768,768,5,396,0,2009,133000,0
1408,8780,5,1985,1985,833,833,5,0,0,2009,112000,0
1409,7740,7,1910,1950,622,1363,6,528,0,2010,125500,0
1410,20544,6,1986,1991,791,2093,7,542,0,2008,215000,0
1411,12420,5,2001,2001,944,1840,6,622,0,2009,230000,0
1412,9600,8,1950,2005,856,1668,6,271,0,2009,140000,0
1413,7200,5,1949,1950,0,1040,6,420,0,2009,90000,0
1414,10994,5,2005,2006,1844,1844,7,620,0,2009,257000,1
1415,13053,7,1923,2000,833,1848,8,370,0,2008,207000,0
1416,3635,5,2007,2007,1386,1569,7,660,0,2009,175900,0
1417,11340,6,1885,1950,777,2290,11,560,0,2010,122500,0
1418,16545,5,1998,1998,1284,2450,7,1069,0,2009,340000,1
1419,9204,5,1963,1963,1144,1144,6,336,0,2008,124000,0
1420,16381,5,1969,1969,1844,1844,7,540,0,2006,223000,0
1421,11700,6,1968,1968,708,1416,7,776,0,2006,179900,0
1422,4043,5,1977,1977,1069,1069,4,440,0,2010,127500,0
1423,4435,5,2003,2003,848,848,3,420,0,2008,136500,0
1424,19690,7,1966,1966,697,2201,8,432,0,2006,274970,1
1425,9503,5,1958,1983,1024,1344,6,484,0,2007,144000,0
1426,10721,6,1959,1959,1252,1252,7,528,0,2008,142000,0
1427,10944,5,1994,1994,1223,2127,5,525,0,2008,271000,1
1428,10930,6,1945,1950,913,1558,6,288,0,2008,140000,0
1429,7200,7,1940,1992,788,804,4,240,0,2010,119000,0
1430,12546,7,1981,1981,1440,1440,7,467,0,2007,182900,0
1431,21930,5,2005,2005,732,1838,7,372,0,2006,192140,0
1432,4928,6,1976,1976,958,958,5,440,0,2009,143750,0
1433,10800,6,1927,2007,656,968,5,216,0,2007,64500,0
1434,10261,5,2000,2000,936,1792,8,451,0,2008,186500,0
1435,17400,5,1977,1977,1126,1126,5,484,0,2006,160000,0
1436,8400,9,1962,2005,1319,1537,7,462,0,2008,174000,0
1437,9000,6,1971,1971,864,864,5,528,0,2007,120500,0
1438,12444,5,2008,2008,1932,1932,7,774,0,2008,394617,1
1439,7407,7,1957,1996,912,1236,6,923,0,2010,149700,0
1440,11584,6,1979,1979,539,1725,6,550,0,2007,197000,0
1441,11526,7,1922,1994,588,2555,11,672,0,2008,191000,0
1442,4426,5,2004,2004,848,848,3,420,0,2008,149300,0
1443,11003,5,2008,2008,1017,2007,10,812,0,2009,310000,1
1444,8854,6,1916,1950,952,952,4,192,0,2009,121000,0
1445,8500,5,2004,2004,1422,1422,7,626,0,2007,179600,0
1446,8400,5,1966,1966,814,913,6,240,0,2007,129000,0
1447,26142,7,1962,1962,1188,1188,6,312,0,2010,157900,0
1448,10000,5,1995,1996,1220,2090,8,556,0,2007,240000,0
1449,11767,7,1910,2000,560,1346,6,384,0,2007,112000,0
1450,1533,7,1970,1970,630,630,3,0,0,2006,92000,0
1451,9000,5,1974,1974,896,1792,8,0,0,2009,136000,0
1452,9262,5,2008,2009,1573,1578,7,840,0,2009,287090,1
1453,3675,5,2005,2005,547,1072,5,525,0,2006,145000,0
1454,17217,5,2006,2006,1140,1140,6,0,0,2006,84500,0
1455,7500,5,2004,2005,1221,1221,6,400,0,2009,185000,0
1456,7917,5,1999,2000,953,1647,7,460,0,2007,175000,0
1457,13175,6,1978,1988,1542,2073,7,500,0,2010,210000,0
1458,9042,9,1941,2006,1152,2340,9,252,2500,2010,266500,1
1459,9717,6,1950,1996,1078,1078,5,240,0,2010,142125,0
1460,9937,6,1965,1965,1256,1256,6,276,0,2008,147500,0
